Workbook

Sheet Orangeline
U1: 45919 | W1: TFl
U2: =HLOOKUP(W2,Daten!$AC$1:$AE$24,Daten!AB24,0) -> Sprache | W2: GER
U4: =HLOOKUP(W2,Daten!$AC$1:$AE$30,Daten!AB29,0) -> Wandprofil
U5: Standard
U6: =HLOOKUP(W2,Daten!$AC$1:$AE$30,Daten!AB30,0) -> Standard | V6: =HLOOKUP(W2,Daten!$AC$1:$AE$31,Daten!AB31,0) -> XL
B10: =IFERROR(IF(B18="-","= 0 mm","= " & TEXT(B18,"#")&" mm"),"") -> = 2400 mm | C10: =IFERROR(IF(C18="-","= 0 mm","= " & TEXT(C18,"#")&" mm"),"") -> = 5000 mm | D10: =IFERROR(IF(D18="-","= 0 mm","= " & TEXT(D18,"#")&" mm"),"") -> = 3102 mm | E10: =IFERROR(IF(E18="-","0 mm =",TEXT(E18,"#")&" mm ="),"") -> 0 mm = | F10: =IFERROR(IF(F18="-","= 0°","= " & TEXT(F18,"0,0")&"°"),"") -> = 8,0° | G10: =IFERROR(IF(G18="-","= 0 mm/m","= " & TEXT(G18,"0,0")&" mm/m"),"") -> = 140,5 mm/m | H10: =IFERROR(IF(H18="-","= 0°","= " & TEXT(H18,"0,0")&"°"),"") -> = 0° | I10: =IFERROR(IF(I18="-","= 0 mm","= " & TEXT(I18,"#")&" mm"),"") -> = 4943 mm | J10: =IFERROR(IF(J18="-","= 0 mm","= " & TEXT(J18,"#")&" mm"),"") -> = 4900 mm | K10: =IFERROR(IF(K18="-","= 0 mm","= " & TEXT(K18,"#")&" mm"),"") -> = 0 mm | L10: =IFERROR(IF(L18="-","= 0 mm","= " & TEXT(L18,"#")&" mm"),"") -> = 5013 mm | M10: =IFERROR(IF(M18="-","= 0 mm","= " & TEXT(M18,"#")&" mm"),"") -> = 0 mm | N10: =IFERROR(IF(N18="-","= 0 mm","= " & TEXT(N18,"#")&" mm"),"") -> = 0 mm | O10: =IFERROR(IF(O18="-","= 0 mm","= " & TEXT(O18,"#")&" mm"),"") -> = 4888 mm | P10: =IFERROR(IF(OR(P18="-",P18="Option select!"),"= 0 mm","= " & TEXT(P18,"#")&" mm"),"") -> = 3259 mm | Q10: =IFERROR(IF(Q18="-","= 0 mm","= " & TEXT(Q18,"#")&" mm"),"") -> = 4998 mm | R10: =IFERROR(IF(R18="-","= 0 mm","= " & TEXT(R18,"#")&" mm"),"") -> = 5115 mm | S10: =IFERROR(IF(S18="-","= 0 mm","= " & TEXT(S18,"#")&" mm"),"") -> = 2416 mm | T10: =IFERROR(IF(T18="-","= 0 mm","= " & TEXT(T18,"#")&" mm"),"") -> = 4888 mm | U10: =IFERROR(IF(U18="-","= 0 mm","= " & TEXT(U18,"#")&" mm"),"") -> = 39 mm | V10: =IFERROR(IF(V18="-","= 0 mm","= " & TEXT(V18,"#")&" mm"),"") -> = 726 mm | W10: =IFERROR(IF(W18="-","= 0 mm","= " & TEXT(W18,"#")&" mm"),"") -> = 3102 mm
A11: =HLOOKUP(W2,Daten!$AC$1:$AE$22,Daten!AB3,0) -> Berechnung der Höhe und Tiefe einer Veranda | S11: =HLOOKUP(W2,Daten!$AC$1:$AE$23,Daten!AB23,0) -> Berechnung der Fensterelemente
B12: =HLOOKUP(W2,Daten!$AC$1:$AE$26,Daten!AB4,0) -> Höhe - Unterkante Rinne [mm] (H3) | C12: =HLOOKUP(W2,Daten!$AC$1:$AE$22,Daten!AB5,0) -> Bestelltiefe [mm] | D12: =HLOOKUP(W2,Daten!$AC$1:$AE$26,Daten!AB6,0) -> Höhe - Unterkante Wandprofil [mm] (H1) | E12: =HLOOKUP(W2,Daten!$AC$1:$AE$26,Daten!AB25,0) -> Dachüberstand [mm] (U1) | F12: =HLOOKUP(W2,Daten!$AC$1:$AE$26,Daten!AB7,0) -> Neigung [°] (α) | G12: =HLOOKUP(W2,Daten!$AC$1:$AE$27,Daten!AB27,0) -> Neigung [mm/m] | H12: =HLOOKUP(W2,Daten!$AC$1:$AE$26,Daten!AB26,0) -> Neigung Glas Ultraline [°] (β) | I12: =HLOOKUP(W2,Daten!$AC$1:$AE$22,Daten!AB8,0) -> Tiefe - Hinterkante Wandanschluss bis Mitte Pfosten [mm] (D1) | J12: =HLOOKUP(W2,Daten!$AC$1:$AE$22,Daten!AB9,0) -> Länge - Sparren Mitte [mm] (S1) | K12: =HLOOKUP(W2,Daten!$AC$1:$AE$22,Daten!AB10,0) -> Länge - Sparren Außen [mm] (S1) | L12: =HLOOKUP(W2,Daten!$AC$1:$AE$22,Daten!AB11,0) -> Tiefe - Hinterkante Wandanschluss bis Rinne Standard [mm] (D3) | M12: =HLOOKUP(W2,Daten!$AC$1:$AE$22,Daten!AB12,0) -> Tiefe - Hinterkante Wandanschluss bis Zierleiste rund [mm] (D3) | N12: =HLOOKUP(W2,Daten!$AC$1:$AE$22,Daten!AB13,0) -> Tiefe - Hinterkante Wandanschluss bis Zierleiste klassik [mm] (D3) | O12: =HLOOKUP(W2,Daten!$AC$1:$AE$22,Daten!AB14,0) -> Tiefe - Hinterkante Wandanschluss bis Innenkante Pfosten [mm] (D2) | P12: =HLOOKUP(W2,Daten!$AC$1:$AE$22,Daten!AB15,0) -> Höhe - Oberkante Wandprofil [mm] (H2) | Q12: =HLOOKUP(W2,Daten!$AC$1:$AE$22,Daten!AB21,0) -> Hinterkante Wandanschluss bis Außenkante Pfosten [mm] (D4) | R12: =HLOOKUP(W2,Daten!$AC$1:$AE$22,Daten!AB22,0) -> Hinterkante Wandanschluss bis Außenkante Pfosten [mm] (D5) | S12: =HLOOKUP(W2,Daten!$AC$1:$AE$22,Daten!AB16,0) -> Fensterhöhe Rinnenseite [mm] | T12: =HLOOKUP(W2,Daten!$AC$1:$AE$22,Daten!AB17,0) -> Fensterbreite [mm] | U12: =HLOOKUP(W2,Daten!$AC$1:$AE$22,Daten!AB18,0) -> Keilhöhe Rinnenseite [mm] | V12: =HLOOKUP(W2,Daten!$AC$1:$AE$22,Daten!AB19,0) -> Keilhöhe Hausseite [mm] | W12: =HLOOKUP(W2,Daten!$AC$1:$AE$22,Daten!AB20,0) -> Fensterhöhe Hausseite [mm]
A17: Type
A18: Orangeline | B18: 2400 | C18: 5000 | D18: =Daten!D18 -> 3101.9482 | E18: =Daten!E18 -> - | F18: =Daten!F18 -> 8 | G18: =Daten!G18 -> 140.54083 | H18: =Daten!H18 -> - | I18: =Daten!I18 -> 4943.3135 | J18: =Daten!J18 -> 4900 | K18: =Daten!K18 -> - | ... O18: =Daten!O18 -> 4888.3135 | P18: =IF(U5=U6,Daten!P18,IF(U5=V6,Daten!X18,"Option Select!")) -> 3258.9482 | Q18: =Daten!Q18 -> 4998.3135 | R18: =Daten!R18 -> 5115.3135 | S18: =Daten!S18 -> 2415.7 | T18: =Daten!T18 -> 4888.3135 | U18: =Daten!U18 -> 39 | V18: =Daten!V18 -> 725.74819 | W18: =Daten!W18 -> 3101.9482
A21: Gelbe Zellen manuell ausfüllen!

Sheet Orangeline+
U1: =Orangeline!U1 -> 45919 | W1: TFl
U2: =HLOOKUP(W2,Daten!$AC$1:$AE$24,Daten!AB24,0) -> Sprache | W2: GER
U4: =HLOOKUP(W2,Daten!$AC$1:$AE$30,Daten!AB29,0) -> Wandprofil
U5: Standard
U6: =HLOOKUP(W2,Daten!$AC$1:$AE$30,Daten!AB30,0) -> Standard | V6: =HLOOKUP(W2,Daten!$AC$1:$AE$31,Daten!AB31,0) -> XL
B10: =IFERROR(IF(B18="-","= 0 mm","= " & TEXT(B18,"#")&" mm"),"") -> = 2250 mm | C10: =IFERROR(IF(C18="-","= 0 mm","= " & TEXT(C18,"#")&" mm"),"") -> = 5000 mm | D10: =IFERROR(IF(D18="-","= 0 mm","= " & TEXT(D18,"#")&" mm"),"") -> = 2972 mm | E10: =IFERROR(IF(E18="-","0 mm =",TEXT(E18,"#")&" mm ="),"") -> 0 mm = | F10: =IFERROR(IF(F18="-","= 0°","= " & TEXT(F18,"0,0")&"°"),"") -> = 8,0° | G10: =IFERROR(IF(G18="-","= 0 mm/m","= " & TEXT(G18,"0,0")&" mm/m"),"") -> = 140,5 mm/m | H10: =IFERROR(IF(H18="-","= 0°","= " & TEXT(H18,"0,0")&"°"),"") -> = 0° | I10: =IFERROR(IF(I18="-","= 0 mm","= " & TEXT(I18,"#")&" mm"),"") -> = 4956 mm | J10: =IFERROR(IF(J18="-","= 0 mm","= " & TEXT(J18,"#")&" mm"),"") -> = 4900 mm | K10: =IFERROR(IF(K18="-","= 0 mm","= " & TEXT(K18,"#")&" mm"),"") -> = 0 mm | L10: =IFERROR(IF(L18="-","= 0 mm","= " & TEXT(L18,"#")&" mm"),"") -> = 5046 mm | M10: =IFERROR(IF(M18="-","= 0 mm","= " & TEXT(M18,"#")&" mm"),"") -> = 0 mm | N10: =IFERROR(IF(N18="-","= 0 mm","= " & TEXT(N18,"#")&" mm"),"") -> = 0 mm | O10: =IFERROR(IF(O18="-","= 0 mm","= " & TEXT(O18,"#")&" mm"),"") -> = 4901 mm | P10: =IFERROR(IF(OR(P18="-",P18="Option select!"),"= 0 mm","= " & TEXT(P18,"#")&" mm"),"") -> = 3129 mm | Q10: =IFERROR(IF(Q18="-","= 0 mm","= " & TEXT(Q18,"#")&" mm"),"") -> = 5011 mm | R10: =IFERROR(IF(R18="-","= 0 mm","= " & TEXT(R18,"#")&" mm"),"") -> = 5128 mm | S10: =IFERROR(IF(S18="-","= 0 mm","= " & TEXT(S18,"#")&" mm"),"") -> = 2284 mm | T10: =IFERROR(IF(T18="-","= 0 mm","= " & TEXT(T18,"#")&" mm"),"") -> = 4901 mm | U10: =IFERROR(IF(U18="-","= 0 mm","= " & TEXT(U18,"#")&" mm"),"") -> = 34 mm | V10: =IFERROR(IF(V18="-","= 0 mm","= " & TEXT(V18,"#")&" mm"),"") -> = 722 mm | W10: =IFERROR(IF(W18="-","= 0 mm","= " & TEXT(W18,"#")&" mm"),"") -> = 2972 mm
A11: =HLOOKUP(W2,Daten!$AC$1:$AE$22,Daten!AB3,0) -> Berechnung der Höhe und Tiefe einer Veranda | S11: =HLOOKUP(W2,Daten!$AC$1:$AE$23,Daten!AB23,0) -> Berechnung der Fensterelemente
B12: =HLOOKUP(W2,Daten!$AC$1:$AE$26,Daten!AB4,0) -> Höhe - Unterkante Rinne [mm] (H3) | C12: =HLOOKUP(W2,Daten!$AC$1:$AE$22,Daten!AB5,0) -> Bestelltiefe [mm] | D12: =HLOOKUP(W2,Daten!$AC$1:$AE$26,Daten!AB6,0) -> Höhe - Unterkante Wandprofil [mm] (H1) | E12: =HLOOKUP(W2,Daten!$AC$1:$AE$26,Daten!AB25,0) -> Dachüberstand [mm] (U1) | F12: =HLOOKUP(W2,Daten!$AC$1:$AE$26,Daten!AB7,0) -> Neigung [°] (α) | G12: =HLOOKUP(W2,Daten!$AC$1:$AE$27,Daten!AB27,0) -> Neigung [mm/m] | H12: =HLOOKUP(W2,Daten!$AC$1:$AE$26,Daten!AB26,0) -> Neigung Glas Ultraline [°] (β) | I12: =HLOOKUP(W2,Daten!$AC$1:$AE$22,Daten!AB8,0) -> Tiefe - Hinterkante Wandanschluss bis Mitte Pfosten [mm] (D1) | J12: =HLOOKUP(W2,Daten!$AC$1:$AE$22,Daten!AB9,0) -> Länge - Sparren Mitte [mm] (S1) | K12: =HLOOKUP(W2,Daten!$AC$1:$AE$22,Daten!AB10,0) -> Länge - Sparren Außen [mm] (S1) | L12: =HLOOKUP(W2,Daten!$AC$1:$AE$22,Daten!AB11,0) -> Tiefe - Hinterkante Wandanschluss bis Rinne Standard [mm] (D3) | M12: =HLOOKUP(W2,Daten!$AC$1:$AE$22,Daten!AB12,0) -> Tiefe - Hinterkante Wandanschluss bis Zierleiste rund [mm] (D3) | N12: =HLOOKUP(W2,Daten!$AC$1:$AE$22,Daten!AB13,0) -> Tiefe - Hinterkante Wandanschluss bis Zierleiste klassik [mm] (D3) | O12: =HLOOKUP(W2,Daten!$AC$1:$AE$22,Daten!AB14,0) -> Tiefe - Hinterkante Wandanschluss bis Innenkante Pfosten [mm] (D2) | P12: =HLOOKUP(W2,Daten!$AC$1:$AE$22,Daten!AB15,0) -> Höhe - Oberkante Wandprofil [mm] (H2) | Q12: =HLOOKUP(W2,Daten!$AC$1:$AE$22,Daten!AB21,0) -> Hinterkante Wandanschluss bis Außenkante Pfosten [mm] (D4) | R12: =HLOOKUP(W2,Daten!$AC$1:$AE$22,Daten!AB22,0) -> Hinterkante Wandanschluss bis Außenkante Pfosten [mm] (D5) | S12: =HLOOKUP(W2,Daten!$AC$1:$AE$22,Daten!AB16,0) -> Fensterhöhe Rinnenseite [mm] | T12: =HLOOKUP(W2,Daten!$AC$1:$AE$22,Daten!AB17,0) -> Fensterbreite [mm] | U12: =HLOOKUP(W2,Daten!$AC$1:$AE$22,Daten!AB18,0) -> Keilhöhe Rinnenseite [mm] | V12: =HLOOKUP(W2,Daten!$AC$1:$AE$22,Daten!AB19,0) -> Keilhöhe Hausseite [mm] | W12: =HLOOKUP(W2,Daten!$AC$1:$AE$22,Daten!AB20,0) -> Fensterhöhe Hausseite [mm]
A17: Type
A18: Orangeline+ | B18: 2250 | C18: 5000 | D18: =Daten!D19 -> 2971.8828 | E18: =Daten!E19 -> - | F18: =Daten!F19 -> 8 | G18: =Daten!G19 -> 140.54083 | H18: =Daten!H19 -> - | I18: =Daten!I19 -> 4956.2917 | J18: =Daten!J19 -> 4900 | K18: =Daten!K19 -> - | ... O18: =Daten!O19 -> 4901.2917 | P18: =IF(U5=U6,Daten!P19,IF(U5=V6,Daten!X19,"Option Select!")) -> 3129.0628 | Q18: =Daten!Q19 -> 5011.2917 | R18: =Daten!R19 -> 5128.2917 | S18: =Daten!S19 -> 2284 | T18: =Daten!T19 -> 4901.2917 | U18: =Daten!U19 -> 34 | V18: =Daten!V19 -> 721.88279 | W18: =Daten!W19 -> 2971.8828
A21: Gelbe Zellen manuell ausfüllen!

Sheet Trendline
U1: =Orangeline!U1 -> 45919 | W1: TFl
U2: =HLOOKUP(W2,Daten!$AC$1:$AE$24,Daten!AB24,0) -> Sprache | W2: GER
W3: {=IFERROR(_xlfn.IFS(U8=U9,L10,U8=V9,M10,U8=W9,N10),"= 0")} -> = 4173 mm
U4: =HLOOKUP(W2,Daten!$AC$1:$AE$30,Daten!AB29,0) -> Wandprofil
U5: Standard
U6: =HLOOKUP(W2,Daten!$AC$1:$AE$30,Daten!AB30,0) -> Standard | V6: =HLOOKUP(W2,Daten!$AC$1:$AE$31,Daten!AB31,0) -> XL
U7: =HLOOKUP($W$2,Daten!$AC$1:$AE$35,Daten!AB32,0) -> Zierleiste
U8: Standard
U9: =HLOOKUP(W2,Daten!$AC$1:$AE$30,Daten!AB30,0) -> Standard | V9: =HLOOKUP(W2,Daten!$AC$1:$AE$35,Daten!AB33,0) -> Rund | W9: =HLOOKUP(W2,Daten!$AC$1:$AE$35,Daten!AB34,0) -> Klassik
B10: =IFERROR(IF(B18="-","= 0 mm","= " & TEXT(B18,"#")&" mm"),"") -> = 2250 mm | C10: =IFERROR(IF(C18="-","= 0 mm","= " & TEXT(C18,"#")&" mm"),"") -> = 4050 mm | D10: =IFERROR(IF(D18="-","= 0 mm","= " & TEXT(D18,"#")&" mm"),"") -> = 2700 mm | E10: =IFERROR(IF(E18="-","0 mm =",TEXT(E18,"#")&" mm ="),"") -> 0 mm = | F10: =IFERROR(IF(F18="-","= 0°","= " & TEXT(F18,"0,0")&"°"),"") -> = 5,8° | G10: =IFERROR(IF(G18="-","= 0 mm/m","= " & TEXT(G18,"0,0")&" mm/m"),"") -> = 102,3 mm/m | H10: =IFERROR(IF(H18="-","= 0°","= " & TEXT(H18,"0,0")&"°"),"") -> = 0° | I10: =IFERROR(IF(I18="-","= 0 mm","= " & TEXT(I18,"#")&" mm"),"") -> = 4061 mm | J10: =IFERROR(IF(J18="-","= 0 mm","= " & TEXT(J18,"#")&" mm"),"") -> = 3950 mm | K10: =IFERROR(IF(K18="-","= 0 mm","= " & TEXT(K18,"#")&" mm"),"") -> = 0 mm | L10: =IFERROR(IF(L18="-","= 0 mm","= " & TEXT(L18,"#")&" mm"),"") -> = 4173 mm | M10: =IFERROR(IF(M18="-","= 0 mm","= " & TEXT(M18,"#")&" mm"),"") -> = 4177 mm | N10: =IFERROR(IF(N18="-","= 0 mm","= " & TEXT(N18,"#")&" mm"),"") -> = 4219 mm | O10: =IFERROR(IF(O18="-","= 0 mm","= " & TEXT(O18,"#")&" mm"),"") -> = 4006 mm | P10: =IFERROR(IF(OR(P18="-",P18="Option select!"),"= 0 mm","= " & TEXT(P18,"#")&" mm"),"") -> = 2862 mm | Q10: =IFERROR(IF(Q18="-","= 0 mm","= " & TEXT(Q18,"#")&" mm"),"") -> = 4116 mm | R10: =IFERROR(IF(R18="-","= 0 mm","= " & TEXT(R18,"#")&" mm"),"") -> = 4233 mm | S10: =IFERROR(IF(S18="-","= 0 mm","= " & TEXT(S18,"#")&" mm"),"") -> = 2289 mm | T10: =IFERROR(IF(T18="-","= 0 mm","= " & TEXT(T18,"#")&" mm"),"") -> = 4006 mm
A11: =HLOOKUP(W2,Daten!$AC$1:$AE$22,Daten!AB3,0) -> Berechnung der Höhe und Tiefe einer Veranda | S11: =HLOOKUP(W2,Daten!$AC$1:$AE$23,Daten!AB23,0) -> Berechnung der Fensterelemente
B12: =HLOOKUP(W2,Daten!$AC$1:$AE$26,Daten!AB4,0) -> Höhe - Unterkante Rinne [mm] (H3) | C12: =HLOOKUP(W2,Daten!$AC$1:$AE$22,Daten!AB5,0) -> Bestelltiefe [mm] | D12: =HLOOKUP(W2,Daten!$AC$1:$AE$26,Daten!AB6,0) -> Höhe - Unterkante Wandprofil [mm] (H1) | E12: =HLOOKUP(W2,Daten!$AC$1:$AE$26,Daten!AB25,0) -> Dachüberstand [mm] (U1) | F12: =HLOOKUP(W2,Daten!$AC$1:$AE$26,Daten!AB7,0) -> Neigung [°] (α) | G12: =HLOOKUP(W2,Daten!$AC$1:$AE$27,Daten!AB27,0) -> Neigung [mm/m] | H12: =HLOOKUP(W2,Daten!$AC$1:$AE$26,Daten!AB26,0) -> Neigung Glas Ultraline [°] (β) | I12: =HLOOKUP(W2,Daten!$AC$1:$AE$22,Daten!AB8,0) -> Tiefe - Hinterkante Wandanschluss bis Mitte Pfosten [mm] (D1) | J12: =HLOOKUP(W2,Daten!$AC$1:$AE$22,Daten!AB9,0) -> Länge - Sparren Mitte [mm] (S1) | K12: =HLOOKUP(W2,Daten!$AC$1:$AE$22,Daten!AB10,0) -> Länge - Sparren Außen [mm] (S1) | L12: =HLOOKUP(W2,Daten!$AC$1:$AE$22,Daten!AB11,0) -> Tiefe - Hinterkante Wandanschluss bis Rinne Standard [mm] (D3) | M12: =HLOOKUP(W2,Daten!$AC$1:$AE$22,Daten!AB12,0) -> Tiefe - Hinterkante Wandanschluss bis Zierleiste rund [mm] (D3) | N12: =HLOOKUP(W2,Daten!$AC$1:$AE$22,Daten!AB13,0) -> Tiefe - Hinterkante Wandanschluss bis Zierleiste klassik [mm] (D3) | O12: =HLOOKUP(W2,Daten!$AC$1:$AE$22,Daten!AB14,0) -> Tiefe - Hinterkante Wandanschluss bis Innenkante Pfosten [mm] (D2) | P12: =HLOOKUP(W2,Daten!$AC$1:$AE$22,Daten!AB15,0) -> Höhe - Oberkante Wandprofil [mm] (H2) | Q12: =HLOOKUP(W2,Daten!$AC$1:$AE$22,Daten!AB21,0) -> Hinterkante Wandanschluss bis Außenkante Pfosten [mm] (D4) | R12: =HLOOKUP(W2,Daten!$AC$1:$AE$22,Daten!AB22,0) -> Hinterkante Wandanschluss bis Außenkante Pfosten [mm] (D5) | S12: =HLOOKUP(W2,Daten!$AC$1:$AE$22,Daten!AB16,0) -> Fensterhöhe Rinnenseite [mm] | T12: =HLOOKUP(W2,Daten!$AC$1:$AE$22,Daten!AB17,0) -> Fensterbreite [mm] | U12: =HLOOKUP(W2,Daten!$AC$1:$AE$22,Daten!AB18,0) -> Keilhöhe Rinnenseite [mm] | V12: =HLOOKUP(W2,Daten!$AC$1:$AE$22,Daten!AB19,0) -> Keilhöhe Hausseite [mm] | W12: =HLOOKUP(W2,Daten!$AC$1:$AE$22,Daten!AB20,0) -> Fensterhöhe Hausseite [mm]
A17: Type
A18: Trendline | B18: 2250 | C18: 4050 | D18: 2700 | E18: =Daten!E20 -> - | F18: =Daten!F20 -> 5.841574 | G18: =Daten!G20 -> 102.30944 | H18: =Daten!H20 -> - | I18: =Daten!I20 -> 4061.3881 | J18: =Daten!J20 -> 3950 | K18: =Daten!K20 -> - | L18: =Daten!L20 -> 4173.3881 | ... O18: =Daten!O20 -> 4006.3881 | P18: =IF(U5=U6,Daten!P20,IF(U5=V6,Daten!X20,"Option Select!")) -> 2862.2 | Q18: =Daten!Q20 -> 4116.3881 | R18: =Daten!R20 -> 4233.3881 | S18: =Daten!S20 -> 2289 | T18: =Daten!T20 -> 4006.3881 | U18: =Daten!U20 -> 39 | V18: =Daten!V20 -> 450 | W18: =Daten!W20 -> 2700
L19: =U7&" "&U9 -> Zierleiste Standard | M19: =U7&" "&V9 -> Zierleiste Rund | N19: =U7&" "&W9 -> Zierleiste Klassik
A21: Gelbe Zellen manuell ausfüllen!

Sheet Trendline+
U1: =Orangeline!U1 -> 45919 | W1: TFl
U2: =HLOOKUP(W2,Daten!$AC$1:$AE$24,Daten!AB24,0) -> Sprache | W2: GER
U4: =HLOOKUP(W2,Daten!$AC$1:$AE$30,Daten!AB29,0) -> Wandprofil
U5: Standard
U6: =HLOOKUP(W2,Daten!$AC$1:$AE$30,Daten!AB30,0) -> Standard | V6: =HLOOKUP(W2,Daten!$AC$1:$AE$31,Daten!AB31,0) -> XL
B10: =IFERROR(IF(B18="-","= 0 mm","= " & TEXT(B18,"#")&" mm"),"") -> = 2250 mm | C10: =IFERROR(IF(C18="-","= 0 mm","= " & TEXT(C18,"#")&" mm"),"") -> = 4050 mm | D10: =IFERROR(IF(D18="-","= 0 mm","= " & TEXT(D18,"#")&" mm"),"") -> = 2700 mm | E10: =IFERROR(IF(E18="-","0 mm =",TEXT(E18,"#")&" mm ="),"") -> 0 mm = | F10: =IFERROR(IF(F18="-","= 0°","= " & TEXT(F18,"0,0")&"°"),"") -> = 5,7° | G10: =IFERROR(IF(G18="-","= 0 mm/m","= " & TEXT(G18,"0,0")&" mm/m"),"") -> = 99,8 mm/m | H10: =IFERROR(IF(H18="-","= 0°","= " & TEXT(H18,"0,0")&"°"),"") -> = 0° | I10: =IFERROR(IF(I18="-","= 0 mm","= " & TEXT(I18,"#")&" mm"),"") -> = 4062 mm | J10: =IFERROR(IF(J18="-","= 0 mm","= " & TEXT(J18,"#")&" mm"),"") -> = 3950 mm | K10: =IFERROR(IF(K18="-","= 0 mm","= " & TEXT(K18,"#")&" mm"),"") -> = 0 mm | L10: =IFERROR(IF(L18="-","= 0 mm","= " & TEXT(L18,"#")&" mm"),"") -> = 4174 mm | M10: =IFERROR(IF(M18="-","= 0 mm","= " & TEXT(M18,"#")&" mm"),"") -> = 0 mm | N10: =IFERROR(IF(N18="-","= 0 mm","= " & TEXT(N18,"#")&" mm"),"") -> = 0 mm | O10: =IFERROR(IF(O18="-","= 0 mm","= " & TEXT(O18,"#")&" mm"),"") -> = 4007 mm | P10: =IFERROR(IF(OR(P18="-",P18="Option select!"),"= 0 mm","= " & TEXT(P18,"#")&" mm"),"") -> = 2862 mm | Q10: =IFERROR(IF(Q18="-","= 0 mm","= " & TEXT(Q18,"#")&" mm"),"") -> = 4117 mm | R10: =IFERROR(IF(R18="-","= 0 mm","= " & TEXT(R18,"#")&" mm"),"") -> = 4234 mm | S10: =IFERROR(IF(S18="-","= 0 mm","= " & TEXT(S18,"#")&" mm"),"") -> = 2300 mm | T10: =IFERROR(IF(T18="-","= 0 mm","= " & TEXT(T18,"#")&" mm"),"") -> = 4007 mm | U10: =IFERROR(IF(U18="-","= 0 mm","= " & TEXT(U18,"#")&" mm"),"") -> = 50 mm | V10: =IFERROR(IF(V18="-","= 0 mm","= " & TEXT(V18,"#")&" mm"),"") -> = 450 mm | W10: =IFERROR(IF(W18="-","= 0 mm","= " & TEXT(W18,"#")&" mm"),"") -> = 2700 mm
A11: =HLOOKUP(W2,Daten!$AC$1:$AE$22,Daten!AB3,0) -> Berechnung der Höhe und Tiefe einer Veranda | S11: =HLOOKUP(W2,Daten!$AC$1:$AE$23,Daten!AB23,0) -> Berechnung der Fensterelemente
B12: =HLOOKUP(W2,Daten!$AC$1:$AE$26,Daten!AB4,0) -> Höhe - Unterkante Rinne [mm] (H3) | C12: =HLOOKUP(W2,Daten!$AC$1:$AE$22,Daten!AB5,0) -> Bestelltiefe [mm] | D12: =HLOOKUP(W2,Daten!$AC$1:$AE$26,Daten!AB6,0) -> Höhe - Unterkante Wandprofil [mm] (H1) | E12: =HLOOKUP(W2,Daten!$AC$1:$AE$26,Daten!AB25,0) -> Dachüberstand [mm] (U1) | F12: =HLOOKUP(W2,Daten!$AC$1:$AE$26,Daten!AB7,0) -> Neigung [°] (α) | G12: =HLOOKUP(W2,Daten!$AC$1:$AE$27,Daten!AB27,0) -> Neigung [mm/m] | H12: =HLOOKUP(W2,Daten!$AC$1:$AE$26,Daten!AB26,0) -> Neigung Glas Ultraline [°] (β) | I12: =HLOOKUP(W2,Daten!$AC$1:$AE$22,Daten!AB8,0) -> Tiefe - Hinterkante Wandanschluss bis Mitte Pfosten [mm] (D1) | J12: =HLOOKUP(W2,Daten!$AC$1:$AE$22,Daten!AB9,0) -> Länge - Sparren Mitte [mm] (S1) | K12: =HLOOKUP(W2,Daten!$AC$1:$AE$22,Daten!AB10,0) -> Länge - Sparren Außen [mm] (S1) | L12: =HLOOKUP(W2,Daten!$AC$1:$AE$22,Daten!AB11,0) -> Tiefe - Hinterkante Wandanschluss bis Rinne Standard [mm] (D3) | M12: =HLOOKUP(W2,Daten!$AC$1:$AE$22,Daten!AB12,0) -> Tiefe - Hinterkante Wandanschluss bis Zierleiste rund [mm] (D3) | N12: =HLOOKUP(W2,Daten!$AC$1:$AE$22,Daten!AB13,0) -> Tiefe - Hinterkante Wandanschluss bis Zierleiste klassik [mm] (D3) | O12: =HLOOKUP(W2,Daten!$AC$1:$AE$22,Daten!AB14,0) -> Tiefe - Hinterkante Wandanschluss bis Innenkante Pfosten [mm] (D2) | P12: =HLOOKUP(W2,Daten!$AC$1:$AE$22,Daten!AB15,0) -> Höhe - Oberkante Wandprofil [mm] (H2) | Q12: =HLOOKUP(W2,Daten!$AC$1:$AE$22,Daten!AB21,0) -> Hinterkante Wandanschluss bis Außenkante Pfosten [mm] (D4) | R12: =HLOOKUP(W2,Daten!$AC$1:$AE$22,Daten!AB22,0) -> Hinterkante Wandanschluss bis Außenkante Pfosten [mm] (D5) | S12: =HLOOKUP(W2,Daten!$AC$1:$AE$22,Daten!AB16,0) -> Fensterhöhe Rinnenseite [mm] | T12: =HLOOKUP(W2,Daten!$AC$1:$AE$22,Daten!AB17,0) -> Fensterbreite [mm] | U12: =HLOOKUP(W2,Daten!$AC$1:$AE$22,Daten!AB18,0) -> Keilhöhe Rinnenseite [mm] | V12: =HLOOKUP(W2,Daten!$AC$1:$AE$22,Daten!AB19,0) -> Keilhöhe Hausseite [mm] | W12: =HLOOKUP(W2,Daten!$AC$1:$AE$22,Daten!AB20,0) -> Fensterhöhe Hausseite [mm]
A17: Type
A18: Trendline+ | B18: 2250 | C18: 4050 | D18: 2700 | E18: =Daten!E21 -> - | F18: =Daten!F21 -> 5.696532 | G18: =Daten!G21 -> 99.752138 | H18: =Daten!H21 -> - | I18: =Daten!I21 -> 4062.2925 | J18: =Daten!J21 -> 3950 | K18: =Daten!K21 -> - | L18: =Daten!L21 -> 4174.3925 | ... O18: =Daten!O21 -> 4007.2925 | P18: =IF(U5=U6,Daten!P21,IF(U5=V6,Daten!X21,"Option Select!")) -> 2862.2 | Q18: =Daten!Q21 -> 4117.2925 | R18: =Daten!R21 -> 4234.2925 | S18: =Daten!S21 -> 2300.1 | T18: =Daten!T21 -> 4007.2925 | U18: =Daten!U21 -> 50.1 | V18: =Daten!V21 -> 450 | W18: =Daten!W21 -> 2700
A21: Gelbe Zellen manuell ausfüllen!

Sheet Topline
U1: =Orangeline!U1 -> 45919 | W1: TFl
U2: =HLOOKUP(W2,Daten!$AC$1:$AE$24,Daten!AB24,0) -> Sprache | W2: GER
U4: =HLOOKUP(W2,Daten!$AC$1:$AE$30,Daten!AB29,0) -> Wandprofil
U5: Standard
U6: =HLOOKUP(W2,Daten!$AC$1:$AE$30,Daten!AB30,0) -> Standard | V6: =HLOOKUP(W2,Daten!$AC$1:$AE$31,Daten!AB31,0) -> XL
B10: =IFERROR(IF(B18="-","= 0 mm","= " & TEXT(B18,"#")&" mm"),"") -> = 2200 mm | C10: =IFERROR(IF(C18="-","= 0 mm","= " & TEXT(C18,"#")&" mm"),"") -> = 4500 mm | D10: =IFERROR(IF(D18="-","= 0 mm","= " & TEXT(D18,"#")&" mm"),"") -> = 2700 mm | E10: =IFERROR(IF(E18="-","0 mm =",TEXT(E18,"#")&" mm ="),"") -> 0 mm = | F10: =IFERROR(IF(F18="-","= 0°","= " & TEXT(F18,"0,0")&"°"),"") -> = 5,4° | G10: =IFERROR(IF(G18="-","= 0 mm/m","= " & TEXT(G18,"0,0")&" mm/m"),"") -> = 94,0 mm/m | H10: =IFERROR(IF(H18="-","= 0°","= " & TEXT(H18,"0,0")&"°"),"") -> = 0° | I10: =IFERROR(IF(I18="-","= 0 mm","= " & TEXT(I18,"#")&" mm"),"") -> = 4479 mm | J10: =IFERROR(IF(J18="-","= 0 mm","= " & TEXT(J18,"#")&" mm"),"") -> = 4345 mm | K10: =IFERROR(IF(K18="-","= 0 mm","= " & TEXT(K18,"#")&" mm"),"") -> = 0 mm | L10: =IFERROR(IF(L18="-","= 0 mm","= " & TEXT(L18,"#")&" mm"),"") -> = 4602 mm | M10: =IFERROR(IF(M18="-","= 0 mm","= " & TEXT(M18,"#")&" mm"),"") -> = 0 mm | N10: =IFERROR(IF(N18="-","= 0 mm","= " & TEXT(N18,"#")&" mm"),"") -> = 0 mm | O10: =IFERROR(IF(O18="-","= 0 mm","= " & TEXT(O18,"#")&" mm"),"") -> = 4404 mm | P10: =IFERROR(IF(OR(P18="-",P18="Option select!"),"= 0 mm","= " & TEXT(P18,"#")&" mm"),"") -> = 2862 mm | Q10: =IFERROR(IF(Q18="-","= 0 mm","= " & TEXT(Q18,"#")&" mm"),"") -> = 4553 mm | R10: =IFERROR(IF(R18="-","= 0 mm","= " & TEXT(R18,"#")&" mm"),"") -> = 4670 mm | S10: =IFERROR(IF(S18="-","= 0 mm","= " & TEXT(S18,"#")&" mm"),"") -> = 2284 mm | T10: =IFERROR(IF(T18="-","= 0 mm","= " & TEXT(T18,"#")&" mm"),"") -> = 4404 mm | U10: =IFERROR(IF(U18="-","= 0 mm","= " & TEXT(U18,"#")&" mm"),"") -> = 84 mm | V10: =IFERROR(IF(V18="-","= 0 mm","= " & TEXT(V18,"#")&" mm"),"") -> = 500 mm | W10: =IFERROR(IF(W18="-","= 0 mm","= " & TEXT(W18,"#")&" mm"),"") -> = 2700 mm
A11: =HLOOKUP(W2,Daten!$AC$1:$AE$22,Daten!AB3,0) -> Berechnung der Höhe und Tiefe einer Veranda | S11: =HLOOKUP(W2,Daten!$AC$1:$AE$23,Daten!AB23,0) -> Berechnung der Fensterelemente
B12: =HLOOKUP(W2,Daten!$AC$1:$AE$26,Daten!AB4,0) -> Höhe - Unterkante Rinne [mm] (H3) | C12: =HLOOKUP(W2,Daten!$AC$1:$AE$22,Daten!AB5,0) -> Bestelltiefe [mm] | D12: =HLOOKUP(W2,Daten!$AC$1:$AE$26,Daten!AB6,0) -> Höhe - Unterkante Wandprofil [mm] (H1) | E12: =HLOOKUP(W2,Daten!$AC$1:$AE$26,Daten!AB25,0) -> Dachüberstand [mm] (U1) | F12: =HLOOKUP(W2,Daten!$AC$1:$AE$26,Daten!AB7,0) -> Neigung [°] (α) | G12: =HLOOKUP(W2,Daten!$AC$1:$AE$27,Daten!AB27,0) -> Neigung [mm/m] | H12: =HLOOKUP(W2,Daten!$AC$1:$AE$26,Daten!AB26,0) -> Neigung Glas Ultraline [°] (β) | I12: =HLOOKUP(W2,Daten!$AC$1:$AE$22,Daten!AB8,0) -> Tiefe - Hinterkante Wandanschluss bis Mitte Pfosten [mm] (D1) | J12: =HLOOKUP(W2,Daten!$AC$1:$AE$22,Daten!AB9,0) -> Länge - Sparren Mitte [mm] (S1) | K12: =HLOOKUP(W2,Daten!$AC$1:$AE$22,Daten!AB10,0) -> Länge - Sparren Außen [mm] (S1) | L12: =HLOOKUP(W2,Daten!$AC$1:$AE$22,Daten!AB11,0) -> Tiefe - Hinterkante Wandanschluss bis Rinne Standard [mm] (D3) | M12: =HLOOKUP(W2,Daten!$AC$1:$AE$22,Daten!AB12,0) -> Tiefe - Hinterkante Wandanschluss bis Zierleiste rund [mm] (D3) | N12: =HLOOKUP(W2,Daten!$AC$1:$AE$22,Daten!AB13,0) -> Tiefe - Hinterkante Wandanschluss bis Zierleiste klassik [mm] (D3) | O12: =HLOOKUP(W2,Daten!$AC$1:$AE$22,Daten!AB14,0) -> Tiefe - Hinterkante Wandanschluss bis Innenkante Pfosten [mm] (D2) | P12: =HLOOKUP(W2,Daten!$AC$1:$AE$22,Daten!AB15,0) -> Höhe - Oberkante Wandprofil [mm] (H2) | Q12: =HLOOKUP(W2,Daten!$AC$1:$AE$22,Daten!AB21,0) -> Hinterkante Wandanschluss bis Außenkante Pfosten [mm] (D4) | R12: =HLOOKUP(W2,Daten!$AC$1:$AE$22,Daten!AB22,0) -> Hinterkante Wandanschluss bis Außenkante Pfosten [mm] (D5) | S12: =HLOOKUP(W2,Daten!$AC$1:$AE$22,Daten!AB16,0) -> Fensterhöhe Rinnenseite [mm] | T12: =HLOOKUP(W2,Daten!$AC$1:$AE$22,Daten!AB17,0) -> Fensterbreite [mm] | U12: =HLOOKUP(W2,Daten!$AC$1:$AE$22,Daten!AB18,0) -> Keilhöhe Rinnenseite [mm] | V12: =HLOOKUP(W2,Daten!$AC$1:$AE$22,Daten!AB19,0) -> Keilhöhe Hausseite [mm] | W12: =HLOOKUP(W2,Daten!$AC$1:$AE$22,Daten!AB20,0) -> Fensterhöhe Hausseite [mm]
A17: Type
A18: Topline | B18: 2200 | C18: 4500 | D18: 2700 | E18: =Daten!E22 -> - | F18: =Daten!F22 -> 5.3680911 | G18: =Daten!G22 -> 93.965969 | H18: =Daten!H22 -> - | I18: =Daten!I22 -> 4478.5438 | J18: =Daten!J22 -> 4345 | K18: =Daten!K22 -> - | L18: =Daten!L22 -> 4601.5438 | ... O18: =Daten!O22 -> 4404.0438 | P18: =IF(U5=U6,Daten!P22,IF(U5=V6,Daten!X22,"Option Select!")) -> 2862.2 | Q18: =Daten!Q22 -> 4553.0438 | R18: =Daten!R22 -> 4670.0438 | S18: =Daten!S22 -> 2284 | T18: =Daten!T22 -> 4404.0438 | U18: =Daten!U22 -> 84 | V18: =Daten!V22 -> 500 | W18: =Daten!W22 -> 2700
A21: Gelbe Zellen manuell ausfüllen!

Sheet Topline XL
U1: =Orangeline!U1 -> 45919 | W1: TFl
U2: =HLOOKUP(W2,Daten!$AC$1:$AE$24,Daten!AB24,0) -> Sprache | W2: GER
U4: =HLOOKUP(W2,Daten!$AC$1:$AE$30,Daten!AB29,0) -> Wandprofil
U5: Standard
U6: =HLOOKUP(W2,Daten!$AC$1:$AE$30,Daten!AB30,0) -> Standard | V6: =HLOOKUP(W2,Daten!$AC$1:$AE$31,Daten!AB31,0) -> XL
B10: =IFERROR(IF(B18="-","= 0 mm","= " & TEXT(B18,"#")&" mm"),"") -> = 2200 mm | C10: =IFERROR(IF(C18="-","= 0 mm","= " & TEXT(C18,"#")&" mm"),"") -> = 4000 mm | D10: =IFERROR(IF(D18="-","= 0 mm","= " & TEXT(D18,"#")&" mm"),"") -> = 2700 mm | E10: =IFERROR(IF(E18="-","0 mm =",TEXT(E18,"#")&" mm ="),"") -> 0 mm = | F10: =IFERROR(IF(F18="-","= 0°","= " & TEXT(F18,"0,0")&"°"),"") -> = 5,7° | G10: =IFERROR(IF(G18="-","= 0 mm/m","= " & TEXT(G18,"0,0")&" mm/m"),"") -> = 100,0 mm/m | H10: =IFERROR(IF(H18="-","= 0°","= " & TEXT(H18,"0,0")&"°"),"") -> = 0° | I10: =IFERROR(IF(I18="-","= 0 mm","= " & TEXT(I18,"#")&" mm"),"") -> = 3998 mm | J10: =IFERROR(IF(J18="-","= 0 mm","= " & TEXT(J18,"#")&" mm"),"") -> = 3845 mm | K10: =IFERROR(IF(K18="-","= 0 mm","= " & TEXT(K18,"#")&" mm"),"") -> = 0 mm | L10: =IFERROR(IF(L18="-","= 0 mm","= " & TEXT(L18,"#")&" mm"),"") -> = 4133 mm | M10: =IFERROR(IF(M18="-","= 0 mm","= " & TEXT(M18,"#")&" mm"),"") -> = 0 mm | N10: =IFERROR(IF(N18="-","= 0 mm","= " & TEXT(N18,"#")&" mm"),"") -> = 0 mm | O10: =IFERROR(IF(O18="-","= 0 mm","= " & TEXT(O18,"#")&" mm"),"") -> = 3901 mm | P10: =IFERROR(IF(OR(P18="-",P18="Option select!"),"= 0 mm","= " & TEXT(P18,"#")&" mm"),"") -> = 2862 mm | Q10: =IFERROR(IF(Q18="-","= 0 mm","= " & TEXT(Q18,"#")&" mm"),"") -> = 4097 mm | R10: =IFERROR(IF(R18="-","= 0 mm","= " & TEXT(R18,"#")&" mm"),"") -> = 4214 mm | S10: =IFERROR(IF(S18="-","= 0 mm","= " & TEXT(S18,"#")&" mm"),"") -> = 2306 mm | T10: =IFERROR(IF(T18="-","= 0 mm","= " & TEXT(T18,"#")&" mm"),"") -> = 3901 mm | U10: =IFERROR(IF(U18="-","= 0 mm","= " & TEXT(U18,"#")&" mm"),"") -> = 106 mm | V10: =IFERROR(IF(V18="-","= 0 mm","= " & TEXT(V18,"#")&" mm"),"") -> = 500 mm | W10: =IFERROR(IF(W18="-","= 0 mm","= " & TEXT(W18,"#")&" mm"),"") -> = 2700 mm
A11: =HLOOKUP(W2,Daten!$AC$1:$AE$22,Daten!AB3,0) -> Berechnung der Höhe und Tiefe einer Veranda | S11: =HLOOKUP(W2,Daten!$AC$1:$AE$23,Daten!AB23,0) -> Berechnung der Fensterelemente
B12: =HLOOKUP(W2,Daten!$AC$1:$AE$26,Daten!AB4,0) -> Höhe - Unterkante Rinne [mm] (H3) | C12: =HLOOKUP(W2,Daten!$AC$1:$AE$22,Daten!AB5,0) -> Bestelltiefe [mm] | D12: =HLOOKUP(W2,Daten!$AC$1:$AE$26,Daten!AB6,0) -> Höhe - Unterkante Wandprofil [mm] (H1) | E12: =HLOOKUP(W2,Daten!$AC$1:$AE$26,Daten!AB25,0) -> Dachüberstand [mm] (U1) | F12: =HLOOKUP(W2,Daten!$AC$1:$AE$26,Daten!AB7,0) -> Neigung [°] (α) | G12: =HLOOKUP(W2,Daten!$AC$1:$AE$27,Daten!AB27,0) -> Neigung [mm/m] | H12: =HLOOKUP(W2,Daten!$AC$1:$AE$26,Daten!AB26,0) -> Neigung Glas Ultraline [°] (β) | I12: =HLOOKUP(W2,Daten!$AC$1:$AE$22,Daten!AB8,0) -> Tiefe - Hinterkante Wandanschluss bis Mitte Pfosten [mm] (D1) | J12: =HLOOKUP(W2,Daten!$AC$1:$AE$22,Daten!AB9,0) -> Länge - Sparren Mitte [mm] (S1) | K12: =HLOOKUP(W2,Daten!$AC$1:$AE$22,Daten!AB10,0) -> Länge - Sparren Außen [mm] (S1) | L12: =HLOOKUP(W2,Daten!$AC$1:$AE$22,Daten!AB11,0) -> Tiefe - Hinterkante Wandanschluss bis Rinne Standard [mm] (D3) | M12: =HLOOKUP(W2,Daten!$AC$1:$AE$22,Daten!AB12,0) -> Tiefe - Hinterkante Wandanschluss bis Zierleiste rund [mm] (D3) | N12: =HLOOKUP(W2,Daten!$AC$1:$AE$22,Daten!AB13,0) -> Tiefe - Hinterkante Wandanschluss bis Zierleiste klassik [mm] (D3) | O12: =HLOOKUP(W2,Daten!$AC$1:$AE$22,Daten!AB14,0) -> Tiefe - Hinterkante Wandanschluss bis Innenkante Pfosten [mm] (D2) | P12: =HLOOKUP(W2,Daten!$AC$1:$AE$22,Daten!AB15,0) -> Höhe - Oberkante Wandprofil [mm] (H2) | Q12: =HLOOKUP(W2,Daten!$AC$1:$AE$22,Daten!AB21,0) -> Hinterkante Wandanschluss bis Außenkante Pfosten [mm] (D4) | R12: =HLOOKUP(W2,Daten!$AC$1:$AE$22,Daten!AB22,0) -> Hinterkante Wandanschluss bis Außenkante Pfosten [mm] (D5) | S12: =HLOOKUP(W2,Daten!$AC$1:$AE$22,Daten!AB16,0) -> Fensterhöhe Rinnenseite [mm] | T12: =HLOOKUP(W2,Daten!$AC$1:$AE$22,Daten!AB17,0) -> Fensterbreite [mm] | U12: =HLOOKUP(W2,Daten!$AC$1:$AE$22,Daten!AB18,0) -> Keilhöhe Rinnenseite [mm] | V12: =HLOOKUP(W2,Daten!$AC$1:$AE$22,Daten!AB19,0) -> Keilhöhe Hausseite [mm] | W12: =HLOOKUP(W2,Daten!$AC$1:$AE$22,Daten!AB20,0) -> Fensterhöhe Hausseite [mm]
A17: Type
A18: Topline XL | B18: 2200 | C18: 4000 | D18: 2700 | E18: =Daten!E23 -> - | F18: =Daten!F23 -> 5.7102702 | G18: =Daten!G23 -> 99.994308 | H18: =Daten!H23 -> - | I18: =Daten!I23 -> 3998.3202 | J18: =Daten!J23 -> 3845 | K18: =Daten!K23 -> - | L18: =Daten!L23 -> 4133.1202 | ... O18: =Daten!O23 -> 3900.6202 | P18: =IF(U5=U6,Daten!P23,IF(U5=V6,Daten!X23,"Option Select!")) -> 2862.2 | Q18: =Daten!Q23 -> 4096.6202 | R18: =Daten!R23 -> 4213.6202 | S18: =Daten!S23 -> 2306 | T18: =Daten!T23 -> 3900.6202 | U18: =Daten!U23 -> 106 | V18: =Daten!V23 -> 500 | W18: =Daten!W23 -> 2700
A21: Gelbe Zellen manuell ausfüllen!

Sheet Designline
U1: =Orangeline!U1 -> 45919 | W1: TFl
U2: =HLOOKUP(W2,Daten!$AC$1:$AE$24,Daten!AB24,0) -> Sprache | W2: GER
B10: =IFERROR(IF(B18="-","= 0 mm","= " & TEXT(B18,"#")&" mm"),"") -> = 2250 mm | C10: =IFERROR(IF(C18="-","= 0 mm","= " & TEXT(C18,"#")&" mm"),"") -> = 4000 mm | D10: =IFERROR(IF(D18="-","= 0 mm","= " & TEXT(D18,"#")&" mm"),"") -> = 2700 mm | E10: =IFERROR(IF(E18="-","0 mm =",TEXT(E18,"#")&" mm ="),"") -> 0 mm = | F10: =IFERROR(IF(F18="-","= 0°","= " & TEXT(F18,"0,0")&"°"),"") -> = 5,4° | G10: =IFERROR(IF(G18="-","= 0 mm/m","= " & TEXT(G18,"0,0")&" mm/m"),"") -> = 94,8 mm/m | H10: =IFERROR(IF(H18="-","= 0°","= " & TEXT(H18,"0,0")&"°"),"") -> = 0° | I10: =IFERROR(IF(I18="-","= 0 mm","= " & TEXT(I18,"#")&" mm"),"") -> = 4031 mm | J10: =IFERROR(IF(J18="-","= 0 mm","= " & TEXT(J18,"#")&" mm"),"") -> = 4005 mm | K10: =IFERROR(IF(K18="-","= 0 mm","= " & TEXT(K18,"#")&" mm"),"") -> = 0 mm | L10: =IFERROR(IF(L18="-","= 0 mm","= " & TEXT(L18,"#")&" mm"),"") -> = 4145 mm | M10: =IFERROR(IF(M18="-","= 0 mm","= " & TEXT(M18,"#")&" mm"),"") -> = 0 mm | N10: =IFERROR(IF(N18="-","= 0 mm","= " & TEXT(N18,"#")&" mm"),"") -> = 0 mm | O10: =IFERROR(IF(O18="-","= 0 mm","= " & TEXT(O18,"#")&" mm"),"") -> = 3933 mm | P10: =IFERROR(IF(P18="-","= 0 mm","= " & TEXT(P18,"#")&" mm"),"") -> = 2864 mm | ... W10: =IFERROR(IF(W18="-","= 0 mm","= " & TEXT(W18,"#")&" mm"),"") -> = 2700 mm
A11: =HLOOKUP(W2,Daten!$AC$1:$AE$22,Daten!AB3,0) -> Berechnung der Höhe und Tiefe einer Veranda | S11: =HLOOKUP(W2,Daten!$AC$1:$AE$23,Daten!AB23,0) -> Berechnung der Fensterelemente
B12: =HLOOKUP(W2,Daten!$AC$1:$AE$26,Daten!AB4,0) -> Höhe - Unterkante Rinne [mm] (H3) | C12: =HLOOKUP(W2,Daten!$AC$1:$AE$22,Daten!AB5,0) -> Bestelltiefe [mm] | D12: =HLOOKUP(W2,Daten!$AC$1:$AE$26,Daten!AB6,0) -> Höhe - Unterkante Wandprofil [mm] (H1) | E12: =HLOOKUP(W2,Daten!$AC$1:$AE$26,Daten!AB25,0) -> Dachüberstand [mm] (U1) | F12: =HLOOKUP(W2,Daten!$AC$1:$AE$26,Daten!AB7,0) -> Neigung [°] (α) | G12: =HLOOKUP(W2,Daten!$AC$1:$AE$27,Daten!AB27,0) -> Neigung [mm/m] | H12: =HLOOKUP(W2,Daten!$AC$1:$AE$26,Daten!AB26,0) -> Neigung Glas Ultraline [°] (β) | I12: =HLOOKUP(W2,Daten!$AC$1:$AE$22,Daten!AB8,0) -> Tiefe - Hinterkante Wandanschluss bis Mitte Pfosten [mm] (D1) | J12: =HLOOKUP(W2,Daten!$AC$1:$AE$22,Daten!AB9,0) -> Länge - Sparren Mitte [mm] (S1) | K12: =HLOOKUP(W2,Daten!$AC$1:$AE$22,Daten!AB10,0) -> Länge - Sparren Außen [mm] (S1) | L12: =HLOOKUP(W2,Daten!$AC$1:$AE$22,Daten!AB11,0) -> Tiefe - Hinterkante Wandanschluss bis Rinne Standard [mm] (D3) | M12: =HLOOKUP(W2,Daten!$AC$1:$AE$22,Daten!AB12,0) -> Tiefe - Hinterkante Wandanschluss bis Zierleiste rund [mm] (D3) | N12: =HLOOKUP(W2,Daten!$AC$1:$AE$22,Daten!AB13,0) -> Tiefe - Hinterkante Wandanschluss bis Zierleiste klassik [mm] (D3) | O12: =HLOOKUP(W2,Daten!$AC$1:$AE$22,Daten!AB14,0) -> Tiefe - Hinterkante Wandanschluss bis Innenkante Pfosten [mm] (D2) | P12: =HLOOKUP(W2,Daten!$AC$1:$AE$22,Daten!AB15,0) -> Höhe - Oberkante Wandprofil [mm] (H2) | Q12: =HLOOKUP(W2,Daten!$AC$1:$AE$22,Daten!AB21,0) -> Hinterkante Wandanschluss bis Außenkante Pfosten [mm] (D4) | R12: =HLOOKUP(W2,Daten!$AC$1:$AE$22,Daten!AB22,0) -> Hinterkante Wandanschluss bis Außenkante Pfosten [mm] (D5) | S12: =HLOOKUP(W2,Daten!$AC$1:$AE$22,Daten!AB16,0) -> Fensterhöhe Rinnenseite [mm] | T12: =HLOOKUP(W2,Daten!$AC$1:$AE$22,Daten!AB17,0) -> Fensterbreite [mm] | U12: =HLOOKUP(W2,Daten!$AC$1:$AE$22,Daten!AB18,0) -> Keilhöhe Rinnenseite [mm] | V12: =HLOOKUP(W2,Daten!$AC$1:$AE$22,Daten!AB19,0) -> Keilhöhe Hausseite [mm] | W12: =HLOOKUP(W2,Daten!$AC$1:$AE$22,Daten!AB20,0) -> Fensterhöhe Hausseite [mm]
A17: Type
A18: Designline | B18: 2250 | C18: 4000 | D18: 2700 | E18: =Daten!E24 -> - | F18: =Daten!F24 -> 5.4167639 | G18: =Daten!G24 -> 94.823039 | H18: =Daten!H24 -> - | I18: =Daten!I24 -> 4030.5983 | J18: =Daten!J24 -> 4005 | K18: =Daten!K24 -> - | L18: =Daten!L24 -> 4145.0983 | ... W18: =Daten!W24 -> 2700
A21: Gelbe Zellen manuell ausfüllen!

Sheet Ultraline Classic
U1: =Orangeline!U1 -> 45919 | W1: TFl
U2: =HLOOKUP(W2,Daten!$AC$1:$AE$24,Daten!AB24,0) -> Sprache | W2: GER
B10: =IFERROR(IF(B18="-","= 0 mm","= " & TEXT(B18,"#")&" mm"),"") -> = 2067 mm | C10: =IFERROR(IF(C18="-","= 0 mm","= " & TEXT(C18,"#")&" mm"),"") -> = 4000 mm | D10: =IFERROR(IF(D18="-","= 0 mm","= " & TEXT(D18,"#")&" mm"),"") -> = 2285 mm | E10: =IFERROR(IF(E18="-","0 mm =",TEXT(E18,"#")&" mm ="),"") -> 500 mm = | F10: =IFERROR(IF(F18="-","= 0°","= " & TEXT(F18,"0,0")&"°"),"") -> = 0° | G10: =IFERROR(IF(G18="-","= 0 mm/m","= " & TEXT(G18,"0,0")&" mm/m"),"") -> = 0 mm/m | H10: =IFERROR(IF(H18="-","= 0°","= " & TEXT(H18,"0,0")&"°"),"") -> = 2,6° | I10: =IFERROR(IF(I18="-","= 0 mm","= " & TEXT(I18,"#")&" mm"),"") -> = 3400 mm | J10: =IFERROR(IF(J18="-","= 0 mm","= " & TEXT(J18,"#")&" mm"),"") -> = 3880 mm | K10: =IFERROR(IF(K18="-","= 0 mm","= " & TEXT(K18,"#")&" mm"),"") -> = 0 mm | L10: =IFERROR(IF(L18="-","= 0 mm","= " & TEXT(L18,"#")&" mm"),"") -> = 3500 mm | M10: =IFERROR(IF(M18="-","= 0 mm","= " & TEXT(M18,"#")&" mm"),"") -> = 0 mm | N10: =IFERROR(IF(N18="-","= 0 mm","= " & TEXT(N18,"#")&" mm"),"") -> = 0 mm | O10: =IFERROR(IF(O18="-","= 0 mm","= " & TEXT(O18,"#")&" mm"),"") -> = 3302 mm | P10: =IFERROR(IF(P18="-","= 0 mm","= " & TEXT(P18,"#")&" mm"),"") -> = 2525 mm | ... W10: =IFERROR(IF(W18="-","= 0 mm","= " & TEXT(W18,"#")&" mm"),"") -> = 2287 mm
A11: =HLOOKUP(W2,Daten!$AC$1:$AE$22,Daten!AB3,0) -> Berechnung der Höhe und Tiefe einer Veranda | S11: =HLOOKUP(W2,Daten!$AC$1:$AE$23,Daten!AB23,0) -> Berechnung der Fensterelemente
B12: =HLOOKUP(W2,Daten!$AC$1:$AE$26,Daten!AB4,0) -> Höhe - Unterkante Rinne [mm] (H3) | C12: =HLOOKUP(W2,Daten!$AC$1:$AE$22,Daten!AB5,0) -> Bestelltiefe [mm] | D12: =HLOOKUP(W2,Daten!$AC$1:$AE$26,Daten!AB6,0) -> Höhe - Unterkante Wandprofil [mm] (H1) | E12: =HLOOKUP(W2,Daten!$AC$1:$AE$26,Daten!AB25,0) -> Dachüberstand [mm] (U1) | F12: =HLOOKUP(W2,Daten!$AC$1:$AE$26,Daten!AB7,0) -> Neigung [°] (α) | G12: =HLOOKUP(W2,Daten!$AC$1:$AE$27,Daten!AB27,0) -> Neigung [mm/m] | H12: =HLOOKUP(W2,Daten!$AC$1:$AE$26,Daten!AB26,0) -> Neigung Glas Ultraline [°] (β) | I12: =HLOOKUP(W2,Daten!$AC$1:$AE$22,Daten!AB8,0) -> Tiefe - Hinterkante Wandanschluss bis Mitte Pfosten [mm] (D1) | J12: =HLOOKUP(W2,Daten!$AC$1:$AE$22,Daten!AB9,0) -> Länge - Sparren Mitte [mm] (S1) | K12: =HLOOKUP(W2,Daten!$AC$1:$AE$22,Daten!AB10,0) -> Länge - Sparren Außen [mm] (S1) | L12: =HLOOKUP(W2,Daten!$AC$1:$AE$22,Daten!AB11,0) -> Tiefe - Hinterkante Wandanschluss bis Rinne Standard [mm] (D3) | M12: =HLOOKUP(W2,Daten!$AC$1:$AE$22,Daten!AB12,0) -> Tiefe - Hinterkante Wandanschluss bis Zierleiste rund [mm] (D3) | N12: =HLOOKUP(W2,Daten!$AC$1:$AE$22,Daten!AB13,0) -> Tiefe - Hinterkante Wandanschluss bis Zierleiste klassik [mm] (D3) | O12: =HLOOKUP(W2,Daten!$AC$1:$AE$22,Daten!AB14,0) -> Tiefe - Hinterkante Wandanschluss bis Innenkante Pfosten [mm] (D2) | P12: =HLOOKUP(W2,Daten!$AC$1:$AE$22,Daten!AB15,0) -> Höhe - Oberkante Wandprofil [mm] (H2) | Q12: =HLOOKUP(W2,Daten!$AC$1:$AE$22,Daten!AB21,0) -> Hinterkante Wandanschluss bis Außenkante Pfosten [mm] (D4) | R12: =HLOOKUP(W2,Daten!$AC$1:$AE$22,Daten!AB22,0) -> Hinterkante Wandanschluss bis Außenkante Pfosten [mm] (D5) | S12: =HLOOKUP(W2,Daten!$AC$1:$AE$22,Daten!AB16,0) -> Fensterhöhe Rinnenseite [mm] | T12: =HLOOKUP(W2,Daten!$AC$1:$AE$22,Daten!AB17,0) -> Fensterbreite [mm] | U12: =HLOOKUP(W2,Daten!$AC$1:$AE$22,Daten!AB18,0) -> Keilhöhe Rinnenseite [mm] | V12: =HLOOKUP(W2,Daten!$AC$1:$AE$22,Daten!AB19,0) -> Keilhöhe Hausseite [mm] | W12: =HLOOKUP(W2,Daten!$AC$1:$AE$22,Daten!AB20,0) -> Fensterhöhe Hausseite [mm]
A17: Type
A18: Ultraline Classic | B18: =Daten!B25 -> 2066.5 | C18: 4000 | D18: 2285 | E18: 500 | F18: =Daten!F25 -> - | G18: =Daten!G25 -> - | H18: =Daten!H25 -> 2.6430686 | I18: =Daten!I25 -> 3400 | J18: =Daten!J25 -> 3880 | K18: =Daten!K25 -> - | L18: =Daten!L25 -> 3500 | M18: =Daten!M25 -> - | ... W18: =Daten!W25 -> 2286.5
A21: Gelbe Zellen manuell ausfüllen!

Sheet Ultraline Style
U1: =Orangeline!U1 -> 45919 | W1: TFl
U2: =HLOOKUP(W2,Daten!$AC$1:$AE$24,Daten!AB24,0) -> Sprache | W2: GER
B10: =IFERROR(IF(B18="-","= 0 mm","= " & TEXT(B18,"#")&" mm"),"") -> = 2242 mm | C10: =IFERROR(IF(C18="-","= 0 mm","= " & TEXT(C18,"#")&" mm"),"") -> = 4306 mm | D10: =IFERROR(IF(D18="-","= 0 mm","= " & TEXT(D18,"#")&" mm"),"") -> = 2461 mm | E10: =IFERROR(IF(E18="-","0 mm =",TEXT(E18,"#")&" mm ="),"") -> 120 mm = | F10: =IFERROR(IF(F18="-","= 0°","= " & TEXT(F18,"0,0")&"°"),"") -> = 0° | G10: =IFERROR(IF(G18="-","= 0 mm/m","= " & TEXT(G18,"0,0")&" mm/m"),"") -> = 0 mm/m | H10: =IFERROR(IF(H18="-","= 0°","= " & TEXT(H18,"0,0")&"°"),"") -> = 2,1° | I10: =IFERROR(IF(I18="-","= 0 mm","= " & TEXT(I18,"#")&" mm"),"") -> = 4206 mm | J10: =IFERROR(IF(J18="-","= 0 mm","= " & TEXT(J18,"#")&" mm"),"") -> = 4306 mm | K10: =IFERROR(IF(K18="-","= 0 mm","= " & TEXT(K18,"#")&" mm"),"") -> = 0 mm | L10: =IFERROR(IF(L18="-","= 0 mm","= " & TEXT(L18,"#")&" mm"),"") -> = 4306 mm | M10: =IFERROR(IF(M18="-","= 0 mm","= " & TEXT(M18,"#")&" mm"),"") -> = 0 mm | N10: =IFERROR(IF(N18="-","= 0 mm","= " & TEXT(N18,"#")&" mm"),"") -> = 0 mm | O10: =IFERROR(IF(O18="-","= 0 mm","= " & TEXT(O18,"#")&" mm"),"") -> = 4108 mm | P10: =IFERROR(IF(P18="-","= 0 mm","= " & TEXT(P18,"#")&" mm"),"") -> = 2700 mm | ... W10: =IFERROR(IF(W18="-","= 0 mm","= " & TEXT(W18,"#")&" mm"),"") -> = 2462 mm
A11: =HLOOKUP(W2,Daten!$AC$1:$AE$22,Daten!AB3,0) -> Berechnung der Höhe und Tiefe einer Veranda | S11: =HLOOKUP(W2,Daten!$AC$1:$AE$23,Daten!AB23,0) -> Berechnung der Fensterelemente
B12: =HLOOKUP(W2,Daten!$AC$1:$AE$26,Daten!AB4,0) -> Höhe - Unterkante Rinne [mm] (H3) | C12: =HLOOKUP(W2,Daten!$AC$1:$AE$22,Daten!AB5,0) -> Bestelltiefe [mm] | D12: =HLOOKUP(W2,Daten!$AC$1:$AE$26,Daten!AB6,0) -> Höhe - Unterkante Wandprofil [mm] (H1) | E12: =HLOOKUP(W2,Daten!$AC$1:$AE$26,Daten!AB25,0) -> Dachüberstand [mm] (U1) | F12: =HLOOKUP(W2,Daten!$AC$1:$AE$26,Daten!AB7,0) -> Neigung [°] (α) | G12: =HLOOKUP(W2,Daten!$AC$1:$AE$27,Daten!AB27,0) -> Neigung [mm/m] | H12: =HLOOKUP(W2,Daten!$AC$1:$AE$26,Daten!AB26,0) -> Neigung Glas Ultraline [°] (β) | I12: =HLOOKUP(W2,Daten!$AC$1:$AE$22,Daten!AB8,0) -> Tiefe - Hinterkante Wandanschluss bis Mitte Pfosten [mm] (D1) | J12: =HLOOKUP(W2,Daten!$AC$1:$AE$22,Daten!AB9,0) -> Länge - Sparren Mitte [mm] (S1) | K12: =HLOOKUP(W2,Daten!$AC$1:$AE$22,Daten!AB10,0) -> Länge - Sparren Außen [mm] (S1) | L12: =HLOOKUP(W2,Daten!$AC$1:$AE$22,Daten!AB11,0) -> Tiefe - Hinterkante Wandanschluss bis Rinne Standard [mm] (D3) | M12: =HLOOKUP(W2,Daten!$AC$1:$AE$22,Daten!AB12,0) -> Tiefe - Hinterkante Wandanschluss bis Zierleiste rund [mm] (D3) | N12: =HLOOKUP(W2,Daten!$AC$1:$AE$22,Daten!AB13,0) -> Tiefe - Hinterkante Wandanschluss bis Zierleiste klassik [mm] (D3) | O12: =HLOOKUP(W2,Daten!$AC$1:$AE$22,Daten!AB14,0) -> Tiefe - Hinterkante Wandanschluss bis Innenkante Pfosten [mm] (D2) | P12: =HLOOKUP(W2,Daten!$AC$1:$AE$22,Daten!AB15,0) -> Höhe - Oberkante Wandprofil [mm] (H2) | Q12: =HLOOKUP(W2,Daten!$AC$1:$AE$22,Daten!AB21,0) -> Hinterkante Wandanschluss bis Außenkante Pfosten [mm] (D4) | R12: =HLOOKUP(W2,Daten!$AC$1:$AE$22,Daten!AB22,0) -> Hinterkante Wandanschluss bis Außenkante Pfosten [mm] (D5) | S12: =HLOOKUP(W2,Daten!$AC$1:$AE$22,Daten!AB16,0) -> Fensterhöhe Rinnenseite [mm] | T12: =HLOOKUP(W2,Daten!$AC$1:$AE$22,Daten!AB17,0) -> Fensterbreite [mm] | U12: =HLOOKUP(W2,Daten!$AC$1:$AE$22,Daten!AB18,0) -> Keilhöhe Rinnenseite [mm] | V12: =HLOOKUP(W2,Daten!$AC$1:$AE$22,Daten!AB19,0) -> Keilhöhe Hausseite [mm] | W12: =HLOOKUP(W2,Daten!$AC$1:$AE$22,Daten!AB20,0) -> Fensterhöhe Hausseite [mm]
A17: Type
A18: Ultraline Style | B18: =Daten!B26 -> 2242 | C18: 4306 | D18: 2460.5 | E18: =Daten!E26 -> 120 | F18: =Daten!F26 -> - | G18: =Daten!G26 -> - | H18: =Daten!H26 -> 2.1324853 | I18: =Daten!I26 -> 4206 | J18: =Daten!J26 -> 4306 | K18: =Daten!K26 -> - | L18: =Daten!L26 -> 4306 | ... W18: =Daten!W26 -> 2462
A21: Gelbe Zellen manuell ausfüllen!

Sheet Ultraline Compact
U1: =Orangeline!U1 -> 45919 | W1: TFl
U2: =HLOOKUP(W2,Daten!$AC$1:$AE$24,Daten!AB24,0) -> Sprache | W2: GER
B10: =IFERROR(IF(B18="-","= 0 mm","= " & TEXT(B18,"#")&" mm"),"") -> = 2182 mm | C10: =IFERROR(IF(C18="-","= 0 mm","= " & TEXT(C18,"#")&" mm"),"") -> = 4000 mm | D10: =IFERROR(IF(D18="-","= 0 mm","= " & TEXT(D18,"#")&" mm"),"") -> = 2400 mm | E10: =IFERROR(IF(E18="-","0 mm =",TEXT(E18,"#")&" mm ="),"") -> 0 mm = | F10: =IFERROR(IF(F18="-","= 0°","= " & TEXT(F18,"0,0")&"°"),"") -> = 0° | G10: =IFERROR(IF(G18="-","= 0 mm/m","= " & TEXT(G18,"0,0")&" mm/m"),"") -> = 0 mm/m | H10: =IFERROR(IF(H18="-","= 0°","= " & TEXT(H18,"0,0")&"°"),"") -> = 2,3° | I10: =IFERROR(IF(I18="-","= 0 mm","= " & TEXT(I18,"#")&" mm"),"") -> = 3900 mm | J10: =IFERROR(IF(J18="-","= 0 mm","= " & TEXT(J18,"#")&" mm"),"") -> = 3880 mm | K10: =IFERROR(IF(K18="-","= 0 mm","= " & TEXT(K18,"#")&" mm"),"") -> = 4000 mm | L10: =IFERROR(IF(L18="-","= 0 mm","= " & TEXT(L18,"#")&" mm"),"") -> = 4000 mm | M10: =IFERROR(IF(M18="-","= 0 mm","= " & TEXT(M18,"#")&" mm"),"") -> = 0 mm | N10: =IFERROR(IF(N18="-","= 0 mm","= " & TEXT(N18,"#")&" mm"),"") -> = 0 mm | O10: =IFERROR(IF(O18="-","= 0 mm","= " & TEXT(O18,"#")&" mm"),"") -> = 3802 mm | P10: =IFERROR(IF(P18="-","= 0 mm","= " & TEXT(P18,"#")&" mm"),"") -> = 2640 mm | ... W10: =IFERROR(IF(W18="-","= 0 mm","= " & TEXT(W18,"#")&" mm"),"") -> = 2402 mm
A11: =HLOOKUP(W2,Daten!$AC$1:$AE$22,Daten!AB3,0) -> Berechnung der Höhe und Tiefe einer Veranda | S11: =HLOOKUP(W2,Daten!$AC$1:$AE$23,Daten!AB23,0) -> Berechnung der Fensterelemente
B12: =HLOOKUP(W2,Daten!$AC$1:$AE$26,Daten!AB4,0) -> Höhe - Unterkante Rinne [mm] (H3) | C12: =HLOOKUP(W2,Daten!$AC$1:$AE$22,Daten!AB5,0) -> Bestelltiefe [mm] | D12: =HLOOKUP(W2,Daten!$AC$1:$AE$26,Daten!AB6,0) -> Höhe - Unterkante Wandprofil [mm] (H1) | E12: =HLOOKUP(W2,Daten!$AC$1:$AE$26,Daten!AB25,0) -> Dachüberstand [mm] (U1) | F12: =HLOOKUP(W2,Daten!$AC$1:$AE$26,Daten!AB7,0) -> Neigung [°] (α) | G12: =HLOOKUP(W2,Daten!$AC$1:$AE$27,Daten!AB27,0) -> Neigung [mm/m] | H12: =HLOOKUP(W2,Daten!$AC$1:$AE$26,Daten!AB26,0) -> Neigung Glas Ultraline [°] (β) | I12: =HLOOKUP(W2,Daten!$AC$1:$AE$22,Daten!AB8,0) -> Tiefe - Hinterkante Wandanschluss bis Mitte Pfosten [mm] (D1) | J12: =HLOOKUP(W2,Daten!$AC$1:$AE$22,Daten!AB9,0) -> Länge - Sparren Mitte [mm] (S1) | K12: =HLOOKUP(W2,Daten!$AC$1:$AE$22,Daten!AB10,0) -> Länge - Sparren Außen [mm] (S1) | L12: =HLOOKUP(W2,Daten!$AC$1:$AE$22,Daten!AB11,0) -> Tiefe - Hinterkante Wandanschluss bis Rinne Standard [mm] (D3) | M12: =HLOOKUP(W2,Daten!$AC$1:$AE$22,Daten!AB12,0) -> Tiefe - Hinterkante Wandanschluss bis Zierleiste rund [mm] (D3) | N12: =HLOOKUP(W2,Daten!$AC$1:$AE$22,Daten!AB13,0) -> Tiefe - Hinterkante Wandanschluss bis Zierleiste klassik [mm] (D3) | O12: =HLOOKUP(W2,Daten!$AC$1:$AE$22,Daten!AB14,0) -> Tiefe - Hinterkante Wandanschluss bis Innenkante Pfosten [mm] (D2) | P12: =HLOOKUP(W2,Daten!$AC$1:$AE$22,Daten!AB15,0) -> Höhe - Oberkante Wandprofil [mm] (H2) | Q12: =HLOOKUP(W2,Daten!$AC$1:$AE$22,Daten!AB21,0) -> Hinterkante Wandanschluss bis Außenkante Pfosten [mm] (D4) | R12: =HLOOKUP(W2,Daten!$AC$1:$AE$22,Daten!AB22,0) -> Hinterkante Wandanschluss bis Außenkante Pfosten [mm] (D5) | S12: =HLOOKUP(W2,Daten!$AC$1:$AE$22,Daten!AB16,0) -> Fensterhöhe Rinnenseite [mm] | T12: =HLOOKUP(W2,Daten!$AC$1:$AE$22,Daten!AB17,0) -> Fensterbreite [mm] | U12: =HLOOKUP(W2,Daten!$AC$1:$AE$22,Daten!AB18,0) -> Keilhöhe Rinnenseite [mm] | V12: =HLOOKUP(W2,Daten!$AC$1:$AE$22,Daten!AB19,0) -> Keilhöhe Hausseite [mm] | W12: =HLOOKUP(W2,Daten!$AC$1:$AE$22,Daten!AB20,0) -> Fensterhöhe Hausseite [mm]
A17: Type
A18: Ultraline Compact | B18: =Daten!B27 -> 2181.5 | C18: 4000 | D18: 2400 | E18: =Daten!E27 -> - | F18: =Daten!F27 -> - | G18: =Daten!G27 -> - | H18: =Daten!H27 -> 2.3012747 | I18: =Daten!I27 -> 3900 | J18: =Daten!J27 -> 3880 | K18: =Daten!K27 -> 4000 | L18: =Daten!L27 -> 4000 | ... W18: =Daten!W27 -> 2401.5
A21: Gelbe Zellen manuell ausfüllen!

Sheet Skyline
U1: =Orangeline!U1 -> 45919 | W1: TFl
U2: =HLOOKUP(W2,Daten!$AC$1:$AE$24,Daten!AB24,0) -> Sprache | W2: GER
B10: =IFERROR(IF(B18="-","= 0 mm","= " & TEXT(B18,"#")&" mm"),"") -> = 2300 mm | C10: =IFERROR(IF(C18="-","= 0 mm","= " & TEXT(C18,"#")&" mm"),"") -> = 5000 mm | D10: =IFERROR(IF(D18="-","= 0 mm","= " & TEXT(D18,"#")&" mm"),"") -> = 2300 mm | E10: =IFERROR(IF(E18="-","0 mm =",TEXT(E18,"#")&" mm ="),"") -> 0 mm = | F10: =IFERROR(IF(F18="-","= 0°","= " & TEXT(F18,"0,0")&"°"),"") -> = 0° | G10: =IFERROR(IF(G18="-","= 0 mm/m","= " & TEXT(G18,"0,0")&" mm/m"),"") -> = 0 mm/m | H10: =IFERROR(IF(H18="-","= 0°","= " & TEXT(H18,"0,0")&"°"),"") -> = 1,1° | I10: =IFERROR(IF(I18="-","= 0 mm","= " & TEXT(I18,"#")&" mm"),"") -> = 4920 mm | J10: =IFERROR(IF(J18="-","= 0 mm","= " & TEXT(J18,"#")&" mm"),"") -> = 4916 mm | K10: =IFERROR(IF(K18="-","= 0 mm","= " & TEXT(K18,"#")&" mm"),"") -> = 4916 mm | L10: =IFERROR(IF(L18="-","= 0 mm","= " & TEXT(L18,"#")&" mm"),"") -> = 5000 mm | M10: =IFERROR(IF(M18="-","= 0 mm","= " & TEXT(M18,"#")&" mm"),"") -> = 0 mm | N10: =IFERROR(IF(N18="-","= 0 mm","= " & TEXT(N18,"#")&" mm"),"") -> = 0 mm | O10: =IFERROR(IF(O18="-","= 0 mm","= " & TEXT(O18,"#")&" mm"),"") -> = 4840 mm | P10: =IFERROR(IF(P18="-","= 0 mm","= " & TEXT(P18,"#")&" mm"),"") -> = 2542 mm | ... W10: =IFERROR(IF(W18="-","= 0 mm","= " & TEXT(W18,"#")&" mm"),"") -> = 2300 mm
A11: =HLOOKUP(W2,Daten!$AC$1:$AE$22,Daten!AB3,0) -> Berechnung der Höhe und Tiefe einer Veranda | S11: =HLOOKUP(W2,Daten!$AC$1:$AE$23,Daten!AB23,0) -> Berechnung der Fensterelemente
B12: =HLOOKUP(W2,Daten!$AC$1:$AE$26,Daten!AB4,0) -> Höhe - Unterkante Rinne [mm] (H3) | C12: =HLOOKUP(W2,Daten!$AC$1:$AE$22,Daten!AB5,0) -> Bestelltiefe [mm] | D12: =HLOOKUP(W2,Daten!$AC$1:$AE$26,Daten!AB6,0) -> Höhe - Unterkante Wandprofil [mm] (H1) | E12: =HLOOKUP(W2,Daten!$AC$1:$AE$26,Daten!AB25,0) -> Dachüberstand [mm] (U1) | F12: =HLOOKUP(W2,Daten!$AC$1:$AE$26,Daten!AB7,0) -> Neigung [°] (α) | G12: =HLOOKUP(W2,Daten!$AC$1:$AE$27,Daten!AB27,0) -> Neigung [mm/m] | H12: =HLOOKUP(W2,Daten!$AC$1:$AE$26,Daten!AB26,0) -> Neigung Glas Ultraline [°] (β) | I12: =HLOOKUP(W2,Daten!$AC$1:$AE$22,Daten!AB8,0) -> Tiefe - Hinterkante Wandanschluss bis Mitte Pfosten [mm] (D1) | J12: =HLOOKUP(W2,Daten!$AC$1:$AE$22,Daten!AB9,0) -> Länge - Sparren Mitte [mm] (S1) | K12: =HLOOKUP(W2,Daten!$AC$1:$AE$22,Daten!AB10,0) -> Länge - Sparren Außen [mm] (S1) | L12: =HLOOKUP(W2,Daten!$AC$1:$AE$22,Daten!AB11,0) -> Tiefe - Hinterkante Wandanschluss bis Rinne Standard [mm] (D3) | M12: =HLOOKUP(W2,Daten!$AC$1:$AE$22,Daten!AB12,0) -> Tiefe - Hinterkante Wandanschluss bis Zierleiste rund [mm] (D3) | N12: =HLOOKUP(W2,Daten!$AC$1:$AE$22,Daten!AB13,0) -> Tiefe - Hinterkante Wandanschluss bis Zierleiste klassik [mm] (D3) | O12: =HLOOKUP(W2,Daten!$AC$1:$AE$22,Daten!AB14,0) -> Tiefe - Hinterkante Wandanschluss bis Innenkante Pfosten [mm] (D2) | P12: =HLOOKUP(W2,Daten!$AC$1:$AE$22,Daten!AB15,0) -> Höhe - Oberkante Wandprofil [mm] (H2) | Q12: =HLOOKUP(W2,Daten!$AC$1:$AE$22,Daten!AB21,0) -> Hinterkante Wandanschluss bis Außenkante Pfosten [mm] (D4) | R12: =HLOOKUP(W2,Daten!$AC$1:$AE$22,Daten!AB22,0) -> Hinterkante Wandanschluss bis Außenkante Pfosten [mm] (D5) | S12: =HLOOKUP(W2,Daten!$AC$1:$AE$22,Daten!AB16,0) -> Fensterhöhe Rinnenseite [mm] | T12: =HLOOKUP(W2,Daten!$AC$1:$AE$22,Daten!AB17,0) -> Fensterbreite [mm] | U12: =HLOOKUP(W2,Daten!$AC$1:$AE$22,Daten!AB18,0) -> Keilhöhe Rinnenseite [mm] | V12: =HLOOKUP(W2,Daten!$AC$1:$AE$22,Daten!AB19,0) -> Keilhöhe Hausseite [mm] | W12: =HLOOKUP(W2,Daten!$AC$1:$AE$22,Daten!AB20,0) -> Fensterhöhe Hausseite [mm]
A17: Type
A18: Skyline | B18: 2300 | C18: 5000 | D18: =Daten!D28 -> 2300 | E18: =Daten!E28 -> - | F18: =Daten!F28 -> - | G18: =Daten!G28 -> - | H18: =Daten!H28 -> 1.1298305 | I18: =Daten!I28 -> 4920 | J18: =Daten!J28 -> 4916 | K18: =Daten!K28 -> 4916 | ... W18: =Daten!W28 -> 2300
A21: Gelbe Zellen manuell ausfüllen!

Sheet Skyline Freistand
U1: =Orangeline!U1 -> 45919 | W1: TFl
U2: =HLOOKUP(W2,Daten!$AC$1:$AE$24,Daten!AB24,0) -> Sprache | W2: GER
B10: =IFERROR(IF(B18="-","= 0 mm","= " & TEXT(B18,"#")&" mm"),"") -> = 2300 mm | C10: =IFERROR(IF(C18="-","= 0 mm","= " & TEXT(C18,"#")&" mm"),"") -> = 5000 mm | D10: =IFERROR(IF(D18="-","= 0 mm","= " & TEXT(D18,"#")&" mm"),"") -> = 2300 mm | E10: =IFERROR(IF(E18="-","0 mm =",TEXT(E18,"#")&" mm ="),"") -> 0 mm = | F10: =IFERROR(IF(F18="-","= 0°","= " & TEXT(F18,"0,0")&"°"),"") -> = 0° | G10: =IFERROR(IF(G18="-","= 0 mm/m","= " & TEXT(G18,"0,0")&" mm/m"),"") -> = 0 mm/m | H10: =IFERROR(IF(H18="-","= 0°","= " & TEXT(H18,"0,0")&"°"),"") -> = 1,1° | I10: =IFERROR(IF(I18="-","= 0 mm","= " & TEXT(I18,"#")&" mm"),"") -> = 4760 mm | J10: =IFERROR(IF(J18="-","= 0 mm","= " & TEXT(J18,"#")&" mm"),"") -> = 4874 mm | K10: =IFERROR(IF(K18="-","= 0 mm","= " & TEXT(K18,"#")&" mm"),"") -> = 4874 mm | L10: =IFERROR(IF(L18="-","= 0 mm","= " & TEXT(L18,"#")&" mm"),"") -> = 4840 mm | M10: =IFERROR(IF(M18="-","= 0 mm","= " & TEXT(M18,"#")&" mm"),"") -> = 0 mm | N10: =IFERROR(IF(N18="-","= 0 mm","= " & TEXT(N18,"#")&" mm"),"") -> = 0 mm | O10: =IFERROR(IF(O18="-","= 0 mm","= " & TEXT(O18,"#")&" mm"),"") -> = 4680 mm | P10: =IFERROR(IF(P18="-","= 0 mm","= " & TEXT(P18,"#")&" mm"),"") -> = 2542 mm | ... W10: =IFERROR(IF(W18="-","= 0 mm","= " & TEXT(W18,"#")&" mm"),"") -> = 2300 mm
A11: =HLOOKUP(W2,Daten!$AC$1:$AE$22,Daten!AB3,0) -> Berechnung der Höhe und Tiefe einer Veranda | S11: =HLOOKUP(W2,Daten!$AC$1:$AE$23,Daten!AB23,0) -> Berechnung der Fensterelemente
B12: =HLOOKUP(W2,Daten!$AC$1:$AE$26,Daten!AB4,0) -> Höhe - Unterkante Rinne [mm] (H3) | C12: =HLOOKUP(W2,Daten!$AC$1:$AE$22,Daten!AB5,0) -> Bestelltiefe [mm] | D12: =HLOOKUP(W2,Daten!$AC$1:$AE$26,Daten!AB6,0) -> Höhe - Unterkante Wandprofil [mm] (H1) | E12: =HLOOKUP(W2,Daten!$AC$1:$AE$26,Daten!AB25,0) -> Dachüberstand [mm] (U1) | F12: =HLOOKUP(W2,Daten!$AC$1:$AE$26,Daten!AB7,0) -> Neigung [°] (α) | G12: =HLOOKUP(W2,Daten!$AC$1:$AE$27,Daten!AB27,0) -> Neigung [mm/m] | H12: =HLOOKUP(W2,Daten!$AC$1:$AE$26,Daten!AB26,0) -> Neigung Glas Ultraline [°] (β) | I12: =HLOOKUP(W2,Daten!$AC$1:$AE$22,Daten!AB8,0) -> Tiefe - Hinterkante Wandanschluss bis Mitte Pfosten [mm] (D1) | J12: =HLOOKUP(W2,Daten!$AC$1:$AE$22,Daten!AB9,0) -> Länge - Sparren Mitte [mm] (S1) | K12: =HLOOKUP(W2,Daten!$AC$1:$AE$22,Daten!AB10,0) -> Länge - Sparren Außen [mm] (S1) | L12: =HLOOKUP(W2,Daten!$AC$1:$AE$22,Daten!AB11,0) -> Tiefe - Hinterkante Wandanschluss bis Rinne Standard [mm] (D3) | M12: =HLOOKUP(W2,Daten!$AC$1:$AE$22,Daten!AB12,0) -> Tiefe - Hinterkante Wandanschluss bis Zierleiste rund [mm] (D3) | N12: =HLOOKUP(W2,Daten!$AC$1:$AE$22,Daten!AB13,0) -> Tiefe - Hinterkante Wandanschluss bis Zierleiste klassik [mm] (D3) | O12: =HLOOKUP(W2,Daten!$AC$1:$AE$22,Daten!AB14,0) -> Tiefe - Hinterkante Wandanschluss bis Innenkante Pfosten [mm] (D2) | P12: =HLOOKUP(W2,Daten!$AC$1:$AE$22,Daten!AB15,0) -> Höhe - Oberkante Wandprofil [mm] (H2) | Q12: =HLOOKUP(W2,Daten!$AC$1:$AE$22,Daten!AB21,0) -> Hinterkante Wandanschluss bis Außenkante Pfosten [mm] (D4) | R12: =HLOOKUP(W2,Daten!$AC$1:$AE$22,Daten!AB22,0) -> Hinterkante Wandanschluss bis Außenkante Pfosten [mm] (D5) | S12: =HLOOKUP(W2,Daten!$AC$1:$AE$22,Daten!AB16,0) -> Fensterhöhe Rinnenseite [mm] | T12: =HLOOKUP(W2,Daten!$AC$1:$AE$22,Daten!AB17,0) -> Fensterbreite [mm] | U12: =HLOOKUP(W2,Daten!$AC$1:$AE$22,Daten!AB18,0) -> Keilhöhe Rinnenseite [mm] | V12: =HLOOKUP(W2,Daten!$AC$1:$AE$22,Daten!AB19,0) -> Keilhöhe Hausseite [mm] | W12: =HLOOKUP(W2,Daten!$AC$1:$AE$22,Daten!AB20,0) -> Fensterhöhe Hausseite [mm]
A17: Type
A18: Skyline Freistand | B18: 2300 | C18: 5000 | D18: =Daten!D29 -> 2300 | E18: =Daten!E29 -> - | F18: =Daten!F29 -> - | G18: =Daten!G29 -> - | H18: =Daten!H29 -> 1.1326514 | I18: =Daten!I29 -> 4760 | J18: =Daten!J29 -> 4874 | K18: =Daten!K29 -> 4874 | ... W18: =Daten!W29 -> 2300
A21: Gelbe Zellen manuell ausfüllen!

Sheet Carport
U1: =Orangeline!U1 -> 45919 | W1: TFl
U2: =HLOOKUP(W2,Daten!$AC$1:$AE$24,Daten!AB24,0) -> Sprache | W2: GER
B10: =IFERROR(IF(B18="-","= 0 mm","= " & TEXT(B18,"#")&" mm"),"") -> = 2300 mm | C10: =IFERROR(IF(C18="-","= 0 mm","= " & TEXT(C18,"#")&" mm"),"") -> = 5000 mm | D10: =IFERROR(IF(D18="-","= 0 mm","= " & TEXT(D18,"#")&" mm"),"") -> = 2300 mm | E10: =IFERROR(IF(E18="-","0 mm =",TEXT(E18,"#")&" mm ="),"") -> 0 mm = | F10: =IFERROR(IF(F18="-","= 0°","= " & TEXT(F18,"0,0")&"°"),"") -> = 0° | G10: =IFERROR(IF(G18="-","= 0 mm/m","= " & TEXT(G18,"0,0")&" mm/m"),"") -> = 0 mm/m | H10: =IFERROR(IF(H18="-","= 0°","= " & TEXT(H18,"0,0")&"°"),"") -> = 0,3° | I10: =IFERROR(IF(I18="-","= 0 mm","= " & TEXT(I18,"#")&" mm"),"") -> = 4920 mm | J10: =IFERROR(IF(J18="-","= 0 mm","= " & TEXT(J18,"#")&" mm"),"") -> = 0 mm | K10: =IFERROR(IF(K18="-","= 0 mm","= " & TEXT(K18,"#")&" mm"),"") -> = 4916 mm | L10: =IFERROR(IF(L18="-","= 0 mm","= " & TEXT(L18,"#")&" mm"),"") -> = 5000 mm | M10: =IFERROR(IF(M18="-","= 0 mm","= " & TEXT(M18,"#")&" mm"),"") -> = 0 mm | N10: =IFERROR(IF(N18="-","= 0 mm","= " & TEXT(N18,"#")&" mm"),"") -> = 0 mm | O10: =IFERROR(IF(O18="-","= 0 mm","= " & TEXT(O18,"#")&" mm"),"") -> = 4840 mm | P10: =IFERROR(IF(P18="-","= 0 mm","= " & TEXT(P18,"#")&" mm"),"") -> = 2542 mm | ... W10: =IFERROR(IF(W18="-","= 0 mm","= " & TEXT(W18,"#")&" mm"),"") -> = 2300 mm
A11: =HLOOKUP(W2,Daten!$AC$1:$AE$22,Daten!AB3,0) -> Berechnung der Höhe und Tiefe einer Veranda | S11: =HLOOKUP(W2,Daten!$AC$1:$AE$23,Daten!AB23,0) -> Berechnung der Fensterelemente
B12: =HLOOKUP(W2,Daten!$AC$1:$AE$26,Daten!AB4,0) -> Höhe - Unterkante Rinne [mm] (H3) | C12: =HLOOKUP(W2,Daten!$AC$1:$AE$22,Daten!AB5,0) -> Bestelltiefe [mm] | D12: =HLOOKUP(W2,Daten!$AC$1:$AE$26,Daten!AB6,0) -> Höhe - Unterkante Wandprofil [mm] (H1) | E12: =HLOOKUP(W2,Daten!$AC$1:$AE$26,Daten!AB25,0) -> Dachüberstand [mm] (U1) | F12: =HLOOKUP(W2,Daten!$AC$1:$AE$26,Daten!AB7,0) -> Neigung [°] (α) | G12: =HLOOKUP(W2,Daten!$AC$1:$AE$27,Daten!AB27,0) -> Neigung [mm/m] | H12: =HLOOKUP(W2,Daten!$AC$1:$AE$26,Daten!AB26,0) -> Neigung Glas Ultraline [°] (β) | I12: =HLOOKUP(W2,Daten!$AC$1:$AE$22,Daten!AB8,0) -> Tiefe - Hinterkante Wandanschluss bis Mitte Pfosten [mm] (D1) | J12: =HLOOKUP(W2,Daten!$AC$1:$AE$22,Daten!AB9,0) -> Länge - Sparren Mitte [mm] (S1) | K12: =HLOOKUP(W2,Daten!$AC$1:$AE$22,Daten!AB10,0) -> Länge - Sparren Außen [mm] (S1) | L12: =HLOOKUP(W2,Daten!$AC$1:$AE$22,Daten!AB11,0) -> Tiefe - Hinterkante Wandanschluss bis Rinne Standard [mm] (D3) | M12: =HLOOKUP(W2,Daten!$AC$1:$AE$22,Daten!AB12,0) -> Tiefe - Hinterkante Wandanschluss bis Zierleiste rund [mm] (D3) | N12: =HLOOKUP(W2,Daten!$AC$1:$AE$22,Daten!AB13,0) -> Tiefe - Hinterkante Wandanschluss bis Zierleiste klassik [mm] (D3) | O12: =HLOOKUP(W2,Daten!$AC$1:$AE$22,Daten!AB14,0) -> Tiefe - Hinterkante Wandanschluss bis Innenkante Pfosten [mm] (D2) | P12: =HLOOKUP(W2,Daten!$AC$1:$AE$22,Daten!AB15,0) -> Höhe - Oberkante Wandprofil [mm] (H2) | Q12: =HLOOKUP(W2,Daten!$AC$1:$AE$22,Daten!AB21,0) -> Hinterkante Wandanschluss bis Außenkante Pfosten [mm] (D4) | R12: =HLOOKUP(W2,Daten!$AC$1:$AE$22,Daten!AB22,0) -> Hinterkante Wandanschluss bis Außenkante Pfosten [mm] (D5) | S12: =HLOOKUP(W2,Daten!$AC$1:$AE$22,Daten!AB16,0) -> Fensterhöhe Rinnenseite [mm] | T12: =HLOOKUP(W2,Daten!$AC$1:$AE$22,Daten!AB17,0) -> Fensterbreite [mm] | U12: =HLOOKUP(W2,Daten!$AC$1:$AE$22,Daten!AB18,0) -> Keilhöhe Rinnenseite [mm] | V12: =HLOOKUP(W2,Daten!$AC$1:$AE$22,Daten!AB19,0) -> Keilhöhe Hausseite [mm] | W12: =HLOOKUP(W2,Daten!$AC$1:$AE$22,Daten!AB20,0) -> Fensterhöhe Hausseite [mm]
A17: Type
A18: Carport | B18: 2300 | C18: 5000 | D18: =Daten!D30 -> 2300 | E18: =Daten!E30 -> - | F18: =Daten!F30 -> - | G18: =Daten!G30 -> - | H18: =Daten!H30 -> 0.33491932 | I18: =Daten!I30 -> 4920 | J18: =Daten!J30 -> - | K18: =Daten!K30 -> 4916 | ... W18: =Daten!W30 -> 2300
A21: Gelbe Zellen manuell ausfüllen!

Sheet Carport Freistand
U1: =Orangeline!U1 -> 45919 | W1: TFl
U2: =HLOOKUP(W2,Daten!$AC$1:$AE$24,Daten!AB24,0) -> Sprache | W2: GER
B10: =IFERROR(IF(B18="-","= 0 mm","= " & TEXT(B18,"#")&" mm"),"") -> = 2300 mm | C10: =IFERROR(IF(C18="-","= 0 mm","= " & TEXT(C18,"#")&" mm"),"") -> = 5000 mm | D10: =IFERROR(IF(D18="-","= 0 mm","= " & TEXT(D18,"#")&" mm"),"") -> = 2300 mm | E10: =IFERROR(IF(E18="-","0 mm =",TEXT(E18,"#")&" mm ="),"") -> 0 mm = | F10: =IFERROR(IF(F18="-","= 0°","= " & TEXT(F18,"0,0")&"°"),"") -> = 0° | G10: =IFERROR(IF(G18="-","= 0 mm/m","= " & TEXT(G18,"0,0")&" mm/m"),"") -> = 0 mm/m | H10: =IFERROR(IF(H18="-","= 0°","= " & TEXT(H18,"0,0")&"°"),"") -> = 0,3° | I10: =IFERROR(IF(I18="-","= 0 mm","= " & TEXT(I18,"#")&" mm"),"") -> = 4760 mm | J10: =IFERROR(IF(J18="-","= 0 mm","= " & TEXT(J18,"#")&" mm"),"") -> = 0 mm | K10: =IFERROR(IF(K18="-","= 0 mm","= " & TEXT(K18,"#")&" mm"),"") -> = 4874 mm | L10: =IFERROR(IF(L18="-","= 0 mm","= " & TEXT(L18,"#")&" mm"),"") -> = 4840 mm | M10: =IFERROR(IF(M18="-","= 0 mm","= " & TEXT(M18,"#")&" mm"),"") -> = 0 mm | N10: =IFERROR(IF(N18="-","= 0 mm","= " & TEXT(N18,"#")&" mm"),"") -> = 0 mm | O10: =IFERROR(IF(O18="-","= 0 mm","= " & TEXT(O18,"#")&" mm"),"") -> = 4680 mm | P10: =IFERROR(IF(P18="-","= 0 mm","= " & TEXT(P18,"#")&" mm"),"") -> = 2542 mm | ... W10: =IFERROR(IF(W18="-","= 0 mm","= " & TEXT(W18,"#")&" mm"),"") -> = 2300 mm
A11: =HLOOKUP(W2,Daten!$AC$1:$AE$22,Daten!AB3,0) -> Berechnung der Höhe und Tiefe einer Veranda | S11: =HLOOKUP(W2,Daten!$AC$1:$AE$23,Daten!AB23,0) -> Berechnung der Fensterelemente
B12: =HLOOKUP(W2,Daten!$AC$1:$AE$26,Daten!AB4,0) -> Höhe - Unterkante Rinne [mm] (H3) | C12: =HLOOKUP(W2,Daten!$AC$1:$AE$22,Daten!AB5,0) -> Bestelltiefe [mm] | D12: =HLOOKUP(W2,Daten!$AC$1:$AE$26,Daten!AB6,0) -> Höhe - Unterkante Wandprofil [mm] (H1) | E12: =HLOOKUP(W2,Daten!$AC$1:$AE$26,Daten!AB25,0) -> Dachüberstand [mm] (U1) | F12: =HLOOKUP(W2,Daten!$AC$1:$AE$26,Daten!AB7,0) -> Neigung [°] (α) | G12: =HLOOKUP(W2,Daten!$AC$1:$AE$27,Daten!AB27,0) -> Neigung [mm/m] | H12: =HLOOKUP(W2,Daten!$AC$1:$AE$26,Daten!AB26,0) -> Neigung Glas Ultraline [°] (β) | I12: =HLOOKUP(W2,Daten!$AC$1:$AE$22,Daten!AB8,0) -> Tiefe - Hinterkante Wandanschluss bis Mitte Pfosten [mm] (D1) | J12: =HLOOKUP(W2,Daten!$AC$1:$AE$22,Daten!AB9,0) -> Länge - Sparren Mitte [mm] (S1) | K12: =HLOOKUP(W2,Daten!$AC$1:$AE$22,Daten!AB10,0) -> Länge - Sparren Außen [mm] (S1) | L12: =HLOOKUP(W2,Daten!$AC$1:$AE$22,Daten!AB11,0) -> Tiefe - Hinterkante Wandanschluss bis Rinne Standard [mm] (D3) | M12: =HLOOKUP(W2,Daten!$AC$1:$AE$22,Daten!AB12,0) -> Tiefe - Hinterkante Wandanschluss bis Zierleiste rund [mm] (D3) | N12: =HLOOKUP(W2,Daten!$AC$1:$AE$22,Daten!AB13,0) -> Tiefe - Hinterkante Wandanschluss bis Zierleiste klassik [mm] (D3) | O12: =HLOOKUP(W2,Daten!$AC$1:$AE$22,Daten!AB14,0) -> Tiefe - Hinterkante Wandanschluss bis Innenkante Pfosten [mm] (D2) | P12: =HLOOKUP(W2,Daten!$AC$1:$AE$22,Daten!AB15,0) -> Höhe - Oberkante Wandprofil [mm] (H2) | Q12: =HLOOKUP(W2,Daten!$AC$1:$AE$22,Daten!AB21,0) -> Hinterkante Wandanschluss bis Außenkante Pfosten [mm] (D4) | R12: =HLOOKUP(W2,Daten!$AC$1:$AE$22,Daten!AB22,0) -> Hinterkante Wandanschluss bis Außenkante Pfosten [mm] (D5) | S12: =HLOOKUP(W2,Daten!$AC$1:$AE$22,Daten!AB16,0) -> Fensterhöhe Rinnenseite [mm] | T12: =HLOOKUP(W2,Daten!$AC$1:$AE$22,Daten!AB17,0) -> Fensterbreite [mm] | U12: =HLOOKUP(W2,Daten!$AC$1:$AE$22,Daten!AB18,0) -> Keilhöhe Rinnenseite [mm] | V12: =HLOOKUP(W2,Daten!$AC$1:$AE$22,Daten!AB19,0) -> Keilhöhe Hausseite [mm] | W12: =HLOOKUP(W2,Daten!$AC$1:$AE$22,Daten!AB20,0) -> Fensterhöhe Hausseite [mm]
A17: Type
A18: Carport Freistand | B18: 2300 | C18: 5000 | D18: =Daten!D31 -> 2300 | E18: =Daten!E31 -> - | F18: =Daten!F31 -> - | G18: =Daten!G31 -> - | H18: =Daten!H31 -> 0.33781075 | I18: =Daten!I31 -> 4760 | J18: =Daten!J31 -> - | K18: =Daten!K31 -> 4874 | ... W18: =Daten!W31 -> 2300
A21: Gelbe Zellen manuell ausfüllen!

Sheet Daten
U1: =Orangeline!U1 -> 45919 | W1: TFl | AC1: NED | AD1: GER | AE1: ENG
U2: =HLOOKUP(W2,Daten!$AC$1:$AE$24,Daten!AB24,0) -> Sprache | W2: GER | AA2: GER | AB2: =HLOOKUP(Daten!$W$2,AC1:AE2,2,0) -> 2 | AC2: 1 | AD2: 2 | AE2: 3
AA3: NED | AB3: 3 | AC3: Berekening diepte en hoogte veranda | AD3: Berechnung der Höhe und Tiefe einer Veranda | AE3: calculation of depth and height of veranda
AA4: ENG | AB4: =AB3+1 -> 4 | AC4: Hoogte - onderkant goot - [mm] (H3) | AD4: Höhe - Unterkante Rinne [mm] (H3) | AE4: height - lower edge gutter [mm] (H3)
AB5: =AB4+1 -> 5 | AC5: Besteldiepte [mm] | AD5: Bestelltiefe [mm] | AE5: order depth [mm]
AB6: =AB5+1 -> 6 | AC6: Hoogte - onderkant muurprofiel - [mm] (H1) | AD6: Höhe - Unterkante Wandprofil [mm] (H1) | AE6: height - of lower edge of wall profile [mm] (H1)
AB7: =AB6+1 -> 7 | AC7: Helling [°] (α) | AD7: Neigung [°] (α) | AE7: inclination [°] (α)
AB8: =AB7+1 -> 8 | AC8: Diepte - achterrand muuraansluiting tot hart staander [mm] (D1) | AD8: Tiefe - Hinterkante Wandanschluss bis Mitte Pfosten [mm] (D1) | AE8: Depth - rear edge of wall connection to center of mullion [mm] (D1)
AB9: =AB8+1 -> 9 | AC9: Lengte - dakliggers midden [mm] (S1) | AD9: Länge - Sparren Mitte [mm] (S1) | AE9: length - middle rafter [mm] (S1)
AB10: =AB9+1 -> 10 | AC10: Lengte - dakliggers buiten [mm] (S1) | AD10: Länge - Sparren Außen [mm] (S1) | AE10: length - outer rafter [mm] (S1)
A11: =HLOOKUP(W2,Daten!$AC$1:$AE$22,Daten!AB3,0) -> Berechnung der Höhe und Tiefe einer Veranda | S11: =HLOOKUP(W2,Daten!$AC$1:$AE$23,Daten!AB23,0) -> Berechnung der Fensterelemente | AB11: =AB10+1 -> 11 | AC11: Diepte - met standaard goot [mm] (D3) | AD11: Tiefe - Hinterkante Wandanschluss bis Rinne Standard [mm] (D3) | AE11: depth - with standard gutter [mm] (D3)
B12: =HLOOKUP(W2,Daten!$AC$1:$AE$26,Daten!AB4,0) -> Höhe - Unterkante Rinne [mm] (H3) | C12: =HLOOKUP(W2,Daten!$AC$1:$AE$22,Daten!AB5,0) -> Bestelltiefe [mm] | D12: =HLOOKUP(W2,Daten!$AC$1:$AE$26,Daten!AB6,0) -> Höhe - Unterkante Wandprofil [mm] (H1) | E12: =HLOOKUP(W2,Daten!$AC$1:$AE$26,Daten!AB25,0) -> Dachüberstand [mm] (U1) | F12: =HLOOKUP(W2,Daten!$AC$1:$AE$26,Daten!AB7,0) -> Neigung [°] (α) | G12: =HLOOKUP(W2,Daten!$AC$1:$AE$27,Daten!AB27,0) -> Neigung [mm/m] | H12: =HLOOKUP(W2,Daten!$AC$1:$AE$26,Daten!AB26,0) -> Neigung Glas Ultraline [°] (β) | I12: =HLOOKUP(W2,Daten!$AC$1:$AE$22,Daten!AB8,0) -> Tiefe - Hinterkante Wandanschluss bis Mitte Pfosten [mm] (D1) | J12: =HLOOKUP(W2,Daten!$AC$1:$AE$22,Daten!AB9,0) -> Länge - Sparren Mitte [mm] (S1) | K12: =HLOOKUP(W2,Daten!$AC$1:$AE$22,Daten!AB10,0) -> Länge - Sparren Außen [mm] (S1) | L12: =HLOOKUP(W2,Daten!$AC$1:$AE$22,Daten!AB11,0) -> Tiefe - Hinterkante Wandanschluss bis Rinne Standard [mm] (D3) | M12: =HLOOKUP(W2,Daten!$AC$1:$AE$22,Daten!AB12,0) -> Tiefe - Hinterkante Wandanschluss bis Zierleiste rund [mm] (D3) | N12: =HLOOKUP(W2,Daten!$AC$1:$AE$22,Daten!AB13,0) -> Tiefe - Hinterkante Wandanschluss bis Zierleiste klassik [mm] (D3) | O12: =HLOOKUP(W2,Daten!$AC$1:$AE$22,Daten!AB14,0) -> Tiefe - Hinterkante Wandanschluss bis Innenkante Pfosten [mm] (D2) | P12: =HLOOKUP(W2,Daten!$AC$1:$AE$22,Daten!AB15,0) -> Höhe - Oberkante Wandprofil [mm] (H2) | Q12: =HLOOKUP(W2,Daten!$AC$1:$AE$22,Daten!AB21,0) -> Hinterkante Wandanschluss bis Außenkante Pfosten [mm] (D4) | R12: =HLOOKUP(W2,Daten!$AC$1:$AE$22,Daten!AB22,0) -> Hinterkante Wandanschluss bis Außenkante Pfosten [mm] (D5) | S12: =HLOOKUP(W2,Daten!$AC$1:$AE$22,Daten!AB16,0) -> Fensterhöhe Rinnenseite [mm] | T12: =HLOOKUP(W2,Daten!$AC$1:$AE$22,Daten!AB17,0) -> Fensterbreite [mm] | U12: =HLOOKUP(W2,Daten!$AC$1:$AE$22,Daten!AB18,0) -> Keilhöhe Rinnenseite [mm] | V12: =HLOOKUP(W2,Daten!$AC$1:$AE$22,Daten!AB19,0) -> Keilhöhe Hausseite [mm] | W12: =HLOOKUP(W2,Daten!$AC$1:$AE$22,Daten!AB20,0) -> Fensterhöhe Hausseite [mm] | X12: =HLOOKUP(W2,Daten!$AC$1:$AE$28,Daten!AB28,0) -> Höhe - Oberkante XL-Wandprofil [mm] (H2) | AB12: =AB11+1 -> 12 | AC12: Diepte - goot rond [mm] (D3) | AD12: Tiefe - Hinterkante Wandanschluss bis Zierleiste rund [mm] (D3) | AE12: depth - with decorative cover round [mm] (D3)
AB13: =AB12+1 -> 13 | AC13: Diepte - goot klassiek [mm] (D3) | AD13: Tiefe - Hinterkante Wandanschluss bis Zierleiste klassik [mm] (D3) | AE13: depth - with decorative cover classic [mm] (D3)
AB14: =AB13+1 -> 14 | AC14: Diepte - tussen staander en woning [mm] (D2) | AD14: Tiefe - Hinterkante Wandanschluss bis Innenkante Pfosten [mm] (D2) | AE14: depth - between house and post [mm] (D2)
AB15: =AB14+1 -> 15 | AC15: Hoogte - bovenkant muurprofiel [mm] (H2) | AD15: Höhe - Oberkante Wandprofil [mm] (H2) | AE15: height - of top edge of wall profile [mm] (H2)
AB16: =AB15+1 -> 16 | AC16: Kozijnhoogte gootzijde [mm] | AD16: Fensterhöhe Rinnenseite [mm] | AE16: window height gutter side [mm]
A17: Type | AB17: =AB16+1 -> 17 | AC17: Kozijn breedte [mm] | AD17: Fensterbreite [mm] | AE17: window width [mm]
A18: Orangeline | B18: =Orangeline!B18 -> 2400 | C18: =Orangeline!C18 -> 5000 | D18: =B18+J18*SIN(RADIANS(F18))+18+2 -> 3101.9482 | E18: - | F18: 8 | G18: =TAN(RADIANS(F18))*1000 -> 140.54083 | H18: - | I18: =J18*COS(RADIANS(F18))+57+34 -> 4943.3135 | J18: =C18-100 -> 4900 | K18: - | L18: =I18+70 -> 5013.3135 | M18: - | N18: - | O18: =I18-55 -> 4888.3135 | P18: =$D$18+157 -> 3258.9482 | Q18: =I18+55 -> 4998.3135 | R18: =Q18+117 -> 5115.3135 | S18: =B18+15.7 -> 2415.7 | T18: =O18 -> 4888.3135 | U18: 39 | V18: =D18-B18+23.8 -> 725.74819 | W18: =D18 -> 3101.9482 | X18: =$D$18+166 -> 3267.9482 | AB18: =AB17+1 -> 18 | AC18: spie hoogte gootzijde | AD18: Keilhöhe Rinnenseite [mm] | AE18: wedge height gutter side [mm]
A19: Orangeline+ | B19: ='Orangeline+'!B18 -> 2250 | C19: ='Orangeline+'!C18 -> 5000 | D19: =C19*SIN(RADIANS(F19))-TAN(RADIANS(F19))*56.8+B19+34 -> 2971.8828 | E19: - | F19: 8 | G19: =TAN(RADIANS(F19))*1000 -> 140.54083 | H19: - | I19: =COS(RADIANS(F19))*(C19+2.5+2.5) -> 4956.2917 | J19: =C19-100 -> 4900 | K19: - | L19: =I19+89.6 -> 5045.8917 | M19: - | N19: - | O19: =I19-55 -> 4901.2917 | P19: =$D$19+157.18 -> 3129.0628 | Q19: =O19+110 -> 5011.2917 | R19: =Q19+117 -> 5128.2917 | S19: =B19+U19 -> 2284 | T19: =O19 -> 4901.2917 | U19: 34 | V19: =D19-B19 -> 721.88279 | W19: =D19 -> 2971.8828 | X19: =$D$19+166 -> 3137.8828 | AB19: =AB18+1 -> 19 | AC19: spie hoogte muurzijde | AD19: Keilhöhe Hausseite [mm] | AE19: wedge height house side [mm]
A20: Trendline | B20: =Trendline!B18 -> 2250 | C20: =Trendline!C18 -> 4050 | D20: =Trendline!D18 -> 2700 | E20: - | F20: =DEGREES(ASIN(((D20+1.6)-(B20+47.5))/(J20+20.4))) -> 5.841574 | G20: =TAN(RADIANS(F20))*1000 -> 102.30944 | H20: - | I20: =COS(RADIANS(F20))*J20+78.4+20.4+33.1 -> 4061.3881 | J20: =C20-100 -> 3950 | K20: - | L20: =COS(RADIANS(F20))*J20+78.4+20.4+33.1+112 -> 4173.3881 | M20: =COS(RADIANS(F20))*J20+78.4+20.4+33.1+115.3 -> 4176.6881 | N20: =COS(RADIANS(F20))*J20+78.4+20.4+33.1+157.6 -> 4218.9881 | O20: =COS(RADIANS(F20))*J20+23.4+20.4+33.1 -> 4006.3881 | P20: =$D$20+162.2 -> 2862.2 | Q20: =COS(RADIANS(F20))*J20+133.4+20.4+33.1 -> 4116.3881 | R20: =COS(RADIANS(F20))*J20+133.4+20.4+33.1+117 -> 4233.3881 | S20: =B20+U20 -> 2289 | T20: =O20 -> 4006.3881 | U20: 39 | V20: =D20-B20 -> 450 | W20: =D20 -> 2700 | X20: =$D$20+190.8 -> 2890.8 | AB20: =AB19+1 -> 20 | AC20: Kozijnhoogte woning zijde [mm] | AD20: Fensterhöhe Hausseite [mm] | AE20: window height house side [mm]
A21: Trendline+ | B21: ='Trendline+'!B18 -> 2250 | C21: ='Trendline+'!C18 -> 4050 | D21: ='Trendline+'!D18 -> 2700 | E21: - | F21: =DEGREES(ASIN(((D21+1.6)-(B21+57.5))/(J21+20.4))) -> 5.696532 | G21: =TAN(RADIANS(F21))*1000 -> 99.752138 | H21: - | I21: =COS(RADIANS(F21))*(J21+2*10.2)+78.4+33.1 -> 4062.2925 | J21: =C21-100 -> 3950 | K21: - | L21: =I21+112.1 -> 4174.3925 | M21: - | N21: - | O21: =I21-55 -> 4007.2925 | P21: =$D$21+162.2 -> 2862.2 | Q21: =I21+55 -> 4117.2925 | R21: =Q21+117 -> 4234.2925 | S21: =B21+U21 -> 2300.1 | T21: =O21 -> 4007.2925 | U21: 50.1 | V21: =D21-B21 -> 450 | W21: =D21 -> 2700 | X21: =$D$21+190.8 -> 2890.8 | AB21: =AB20+1 -> 21 | AC21: Diepte - van muur tot en met staander [mm] (D4) | AD21: Hinterkante Wandanschluss bis Außenkante Pfosten [mm] (D4) | AE21: wall mount to front edge of post [mm] (D4)
A22: Topline | B22: =Topline!B18 -> 2200 | C22: =Topline!C18 -> 4500 | D22: =Topline!D18 -> 2700 | E22: - | F22: =DEGREES(ASIN(((D22+1.6)-(B22+93.2))/(J22+20.4))) -> 5.3680911 | G22: =TAN(RADIANS(F22))*1000 -> 93.965969 | H22: - | I22: =COS(RADIANS(F22))*J22+99.1+20.4+33.1 -> 4478.5438 | J22: =C22-155 -> 4345 | K22: - | L22: =COS(RADIANS(F22))*J22+222.1+20.4+33.1 -> 4601.5438 | M22: - | N22: - | O22: =COS(RADIANS(F22))*J22+24.6+20.4+33.1 -> 4404.0438 | P22: =$D$22+162.2 -> 2862.2 | Q22: =I22+74.5 -> 4553.0438 | R22: =Q22+117 -> 4670.0438 | S22: =B22+U22 -> 2284 | T22: =O22 -> 4404.0438 | U22: 84 | V22: =D22-B22 -> 500 | W22: =D22 -> 2700 | X22: =$D$22+190.8 -> 2890.8 | AB22: =AB21+1 -> 22 | AC22: Diepte - van vrijstaand tot en met staander [mm] (D5) | AD22: Hinterkante Wandanschluss bis Außenkante Pfosten [mm] (D5) | AE22: freestand to front edge of post [mm] (D5)
A23: Topline XL | B23: ='Topline XL'!B18 -> 2200 | C23: ='Topline XL'!C18 -> 4000 | D23: ='Topline XL'!D18 -> 2700 | E23: - | F23: =DEGREES(ASIN(((D23+1.6)-(B23+117))/(J23+20.4))) -> 5.7102702 | G23: =TAN(RADIANS(F23))*1000 -> 99.994308 | H23: - | I23: =COS(RADIANS(F23))*J23+118.9+20.4+33.1 -> 3998.3202 | J23: =C23-155 -> 3845 | K23: - | L23: =COS(RADIANS(F23))*J23+118.9+134.8+20.4+33.1 -> 4133.1202 | M23: - | N23: - | O23: =COS(RADIANS(F23))*J23+21.2+20.4+33.1 -> 3900.6202 | P23: =$D$23+162.2 -> 2862.2 | Q23: =COS(RADIANS(F23))*J23+118.9+98.3+20.4+33.1 -> 4096.6202 | R23: =COS(RADIANS(F23))*J23+217.2+20.4+33.1+117 -> 4213.6202 | S23: =B23+U23 -> 2306 | T23: =O23 -> 3900.6202 | U23: 106 | V23: =D23-B23 -> 500 | W23: =D23 -> 2700 | X23: =$D$23+190.8 -> 2890.8 | AB23: =AB22+1 -> 23 | AC23: Berekening van de kozijnen | AD23: Berechnung der Fensterelemente | AE23: calculation of window elements
A24: Designline | B24: =Designline!B18 -> 2250 | C24: =Designline!C18 -> 4000 | D24: =Designline!D18 -> 2700 | E24: - | F24: =DEGREES(ASIN((D24+7.3-(B24+83.1))/(J24-41))) -> 5.4167639 | G24: =TAN(RADIANS(F24))*1000 -> 94.823039 | H24: - | I24: =((D24+7.3-(B24+83.1))/TAN(RADIANS(F24)))+70.4+13.9 -> 4030.5983 | J24: =C24+5 -> 4005 | K24: - | L24: =((D24+7.3-(B24+83.1))/TAN(RADIANS(F24)))+184.9+13.9 -> 4145.0983 | M24: - | N24: - | O24: =((D24+7.3-(B24+83.1))/TAN(RADIANS(F24)))+70.4+13.9-98 -> 3932.5983 | P24: =$D$24+163.6 -> 2863.6 | Q24: =((D24+7.3-(B24+83.1))/TAN(RADIANS(F24)))+70.4+13+98 -> 4127.6983 | R24: =((D24+7.3-(B24+83.1))/TAN(RADIANS(F24)))+70.4+13+98+117 -> 4244.6983 | S24: =B24+U24 -> 2343 | T24: =O24 -> 3932.5983 | U24: 93 | V24: =D24-B24 -> 450 | W24: =D24 -> 2700 | X24: - | AB24: =AB23+1 -> 24 | AC24: taal | AD24: Sprache | AE24: Language
A25: Ultraline Classic | B25: =D25-218.5 -> 2066.5 | C25: ='Ultraline Classic'!C18 -> 4000 | D25: ='Ultraline Classic'!D18 -> 2285 | E25: ='Ultraline Classic'!E18 -> 500 | F25: - | G25: - | H25: =DEGREES(ATAN((155.2)/(O25+60))) -> 2.6430686 | I25: =L25-100 -> 3400 | J25: =C25-120 -> 3880 | K25: - | L25: =C25-E25 -> 3500 | M25: - | N25: - | O25: =I25-98 -> 3302 | P25: =$D$25+239.5 -> 2524.5 | Q25: =L25-2 -> 3498 | R25: =Q25+196 -> 3694 | S25: =B25+220 -> 2286.5 | T25: =O25 -> 3302 | U25: - | V25: - | W25: =S25 -> 2286.5 | X25: - | AB25: 25 | AC25: Dakoverstek [mm] (U1) | AD25: Dachüberstand [mm] (U1) | AE25: roof overhang [mm] (U1)
A26: Ultraline Style | B26: =D26-218.5 -> 2242 | C26: ='Ultraline Style'!C18 -> 4306 | D26: ='Ultraline Style'!D18 -> 2460.5 | E26: 120 | F26: - | G26: - | H26: =DEGREES(ATAN((155.2)/(O26+60))) -> 2.1324853 | I26: =J26-100 -> 4206 | J26: =C26 -> 4306 | K26: - | L26: =J26 -> 4306 | M26: - | N26: - | O26: =I26-98 -> 4108 | P26: =$D$26+239.5 -> 2700 | Q26: =O26+196 -> 4304 | R26: =Q26+196 -> 4500 | S26: =B26+220 -> 2462 | T26: =O26 -> 4108 | U26: - | V26: - | W26: =S26 -> 2462 | X26: - | AB26: =AB25+1 -> 26 | AC26: Helling glas Ultraline [°] (β) | AD26: Neigung Glas Ultraline [°] (β) | AE26: inclination glas Ultraline[°] (β)
A27: Ultraline Compact | B27: =D27-218.5 -> 2181.5 | C27: ='Ultraline Compact'!C18 -> 4000 | D27: ='Ultraline Compact'!D18 -> 2400 | E27: - | F27: - | G27: - | H27: =DEGREES(ATAN((155.2)/(O27+60))) -> 2.3012747 | I27: =C27-100 -> 3900 | J27: =C27-120 -> 3880 | K27: =C27 -> 4000 | L27: =C27 -> 4000 | M27: - | N27: - | O27: =I27-98 -> 3802 | P27: =$D$27+239.5 -> 2639.5 | Q27: =I27+98 -> 3998 | R27: =Q27+196 -> 4194 | S27: =B27+220 -> 2401.5 | T27: =O27 -> 3802 | U27: - | V27: - | W27: =S27 -> 2401.5 | X27: - | AB27: 27 | AC27: Helling [mm/m] | AD27: Neigung [mm/m] | AE27: inclination [mm/m]
A28: Skyline | B28: =Skyline!B18 -> 2300 | C28: =Skyline!C18 -> 5000 | D28: =B28 -> 2300 | E28: - | F28: - | G28: - | H28: =DEGREES(ATAN((95)/(C28-133-50))) -> 1.1298305 | I28: =C28-160/2 -> 4920 | J28: =C28-60-3-3-18 -> 4916 | K28: =J28 -> 4916 | L28: =C28 -> 5000 | M28: - | N28: - | O28: =L28-160 -> 4840 | P28: =$D$28+242.1 -> 2542.1 | Q28: =C28 -> 5000 | R28: - | S28: =B28 -> 2300 | T28: =O28 -> 4840 | U28: - | V28: - | W28: =S28 -> 2300 | X28: - | AB28: =AB27+1 -> 28 | AC28: Hoogte - bovenkant XL-muurprofiel [mm] (H2) | AD28: Höhe - Oberkante XL-Wandprofil [mm] (H2) | AE28: height - of top edge of XL wall profile [mm] (H2)
A29: Skyline Freistand | B29: ='Skyline Freistand'!B18 -> 2300 | C29: ='Skyline Freistand'!C18 -> 5000 | D29: =B29 -> 2300 | E29: - | F29: - | G29: - | H29: =DEGREES(ATAN((95)/(C29-133-62))) -> 1.1326514 | I29: =C29-160/2-160 -> 4760 | J29: =C29-60-3-3-60 -> 4874 | K29: =J29 -> 4874 | L29: =C29-160 -> 4840 | M29: - | N29: - | O29: =C29-2*160 -> 4680 | P29: =$D$29+242.1 -> 2542.1 | Q29: =L29 -> 4840 | R29: =C29 -> 5000 | S29: =B29 -> 2300 | T29: =O29 -> 4680 | U29: - | V29: - | W29: =S29 -> 2300 | X29: - | AB29: =AB28+1 -> 29 | AC29: Muurprofiel | AD29: Wandprofil | AE29: wall profile
A30: ALUXE Carport | B30: =Carport!B18 -> 2300 | C30: =Carport!C18 -> 5000 | D30: =B30 -> 2300 | E30: - | F30: - | G30: - | H30: =DEGREES(ATAN((28)/(C30-77-133))) -> 0.33491932 | I30: =C30-160/2 -> 4920 | J30: - | K30: =C30-60-3-3-18 -> 4916 | L30: =C30 -> 5000 | M30: - | N30: - | O30: =L30-160 -> 4840 | P30: =$D$30+242.1 -> 2542.1 | Q30: =C30 -> 5000 | R30: - | S30: =B30 -> 2300 | T30: =O30 -> 4840 | U30: - | V30: - | W30: =S30 -> 2300 | X30: - | AB30: =AB29+1 -> 30 | AC30: Standaard | AD30: Standard | AE30: Standard
A31: ALUXE Carport Freistand | B31: ='Carport Freistand'!B18 -> 2300 | C31: ='Carport Freistand'!C18 -> 5000 | D31: =B31 -> 2300 | E31: - | F31: - | G31: - | H31: =DEGREES(ATAN((28)/(C31-133-118))) -> 0.33781075 | I31: =C31-160/2-160 -> 4760 | J31: - | K31: =C31-60-3-3-60 -> 4874 | L31: =C31-160 -> 4840 | M31: - | N31: - | O31: =C31-2*160 -> 4680 | P31: =$D$31+242.1 -> 2542.1 | Q31: =C31-160 -> 4840 | R31: =C31 -> 5000 | S31: =B31 -> 2300 | T31: =O31 -> 4680 | U31: - | V31: - | W31: =S31 -> 2300 | X31: - | AB31: =AB30+1 -> 31 | AC31: XL | AD31: XL | AE31: XL
AB32: =AB31+1 -> 32 | AC32: Sierlijst | AD32: Zierleiste | AE32: Decorative cover
AB33: =AB32+1 -> 33 | AC33: Rond | AD33: Rund | AE33: Round
AB34: =AB33+1 -> 34 | AC34: Klassiek | AD34: Klassik | AE34: Classical
AB35: =AB34+1 -> 35

Sheet Erklärung Dachrechner
B3: 30.06.'22 | D3: CSt
B4: Sprache | D4: GER | F4: Sprache über Dropdown im gelben Feld einstellbar
F5: (Deutsch / Niederländisch / Englisch)
F11: Parameter des zu kalkulierenden Daches über gelbe Felder eingeben

Sheet Plattenrechner
C1: Plattenrechner
C4: Bekannte Dachbreite | E4: Bekannte Plattenbreite
A5: Breite Überdachung | C5: 7950 | E5: =(E8*E6)+(E7*55)+6 -> 5056
A6: Anzahl Felder | C6: 8 | E6: 5
A7: Anzahl Sparren | C7: =C6+1 -> 9 | E7: =E6+1 -> 6
A8: Breite Inzetprofil | C8: =((C5-6)-(C7*55))/C6 -> 931.125 | E8: =E9-(2*18) -> 944
A9: Breite Platten | C9: =((C5-6)-(C7*55))/C6+(2*16) -> 963.125 | E9: 980
